hovedtypegruppe_kode;hovedtype_kode;grunntype_kode
0-A;A-0-0;A-0-0-0
0-A;A-0-01;A-0-01-0
0-A;A-0-02;A-0-02-0
0-A;A-0-03;A-0-03-0
0-A;A-0-04;A-0-04-0
0-A;A-0-05;A-0-05-0
0-B;B-0-0;B-0-0-0
0-B;B-0-01;B-0-01-0
0-B;B-0-02;B-0-02-0
0-B;B-0-03;B-0-03-0
0-B;B-0-04;B-0-04-0
0-B;B-0-05;B-0-05-0
0-B;B-0-06;B-0-06-0
0-B;B-0-07;B-0-07-0
0-FS;FS-0-0;FS-0-0-0
0-FS;FS-0-01;FS-0-01-0
0-FS;FS-0-01;FS-0-01-01
0-FS;FS-0-02;FS-0-02-0
0-FS;FS-0-02;FS-0-02-01
0-FS;FS-0-02;FS-0-02-02
0-FS;FS-0-03;FS-0-03-0
0-FS;FS-0-03;FS-0-03-01
0-FS;FS-0-03;FS-0-03-02
0-FS;FS-0-03;FS-0-03-03
0-FS;FS-0-03;FS-0-03-04
0-FS;FS-0-04;FS-0-04-0
0-FS;FS-0-04;FS-0-04-01
0-FS;FS-0-04;FS-0-04-02
0-FS;FS-0-04;FS-0-04-03
0-FS;FS-0-04;FS-0-04-04
0-FS;FS-0-05;FS-0-05-0
0-FS;FS-0-05;FS-0-05-01
0-FS;FS-0-05;FS-0-05-02
0-FS;FS-0-05;FS-0-05-03
0-FS;FS-0-05;FS-0-05-04
0-FS;FS-0-05;FS-0-05-05
0-FS;FS-0-06;FS-0-06-0
0-FS;FS-0-06;FS-0-06-01
0-FU;FU-0-0;FU-0-0-0
0-FU;FU-0-01;FU-0-01-0
0-MS;MS-0-0;MS-0-0-0
0-MS;MS-0-01;MS-0-01-0
0-MS;MS-0-01;MS-0-01-01
0-MS;MS-0-02;MS-0-02-0
0-MS;MS-0-02;MS-0-02-01
0-MS;MS-0-02;MS-0-02-02
0-MS;MS-0-03;MS-0-03-0
0-MS;MS-0-03;MS-0-03-01
0-MS;MS-0-03;MS-0-03-02
0-MS;MS-0-04;MS-0-04-0
0-MS;MS-0-04;MS-0-04-01
0-MS;MS-0-04;MS-0-04-02
0-MS;MS-0-04;MS-0-04-03
0-MS;MS-0-04;MS-0-04-04
0-MS;MS-0-04;MS-0-04-05
0-MS;MS-0-04;MS-0-04-06
0-MS;MS-0-05;MS-0-05-0
0-MS;MS-0-05;MS-0-05-01
0-MS;MS-0-05;MS-0-05-02
0-MS;MS-0-05;MS-0-05-03
0-MS;MS-0-05;MS-0-05-04
0-MS;MS-0-06;MS-0-06-0
0-MS;MS-0-06;MS-0-06-01
0-MS;MS-0-06;MS-0-06-02
0-MS;MS-0-06;MS-0-06-03
0-MS;MS-0-06;MS-0-06-04
0-MS;MS-0-07;MS-0-07-0
0-MS;MS-0-07;MS-0-07-01
0-MS;MS-0-07;MS-0-07-02
0-MS;MS-0-08;MS-0-08-0
0-MS;MS-0-08;MS-0-08-01
0-MS;MS-0-09;MS-0-09-0
0-MS;MS-0-09;MS-0-09-01
0-MU;MU-0-0;MU-0-0-0
0-MU;MU-0-01;MU-0-01-0
0-MU;MU-0-01;MU-0-01-01
0-TS;TS-0-0;TS-0-0-0
0-TS;TS-0-10;TS-0-10-0
0-TS;TS-0-10;TS-0-10-01
0-TS;TS-0-10;TS-0-10-02
0-TS;TS-0-10;TS-0-10-03
0-TS;TS-0-10;TS-0-10-04
0-TS;TS-0-10;TS-0-10-05
0-TS;TS-0-10;TS-0-10-06
0-TS;TS-0-10;TS-0-10-07
0-TS;TS-0-10;TS-0-10-08
0-TS;TS-0-11;TS-0-11-0
0-TS;TS-0-11;TS-0-11-01
0-TS;TS-0-11;TS-0-11-02
0-TS;TS-0-12;TS-0-12-0
0-TS;TS-0-12;TS-0-12-01
0-TS;TS-0-01;TS-0-01-0
0-TS;TS-0-01;TS-0-01-01
0-TS;TS-0-02;TS-0-02-0
0-TS;TS-0-02;TS-0-02-01
0-TS;TS-0-02;TS-0-02-02
0-TS;TS-0-03;TS-0-03-0
0-TS;TS-0-03;TS-0-03-01
0-TS;TS-0-03;TS-0-03-02
0-TS;TS-0-03;TS-0-03-03
0-TS;TS-0-03;TS-0-03-04
0-TS;TS-0-03;TS-0-03-05
0-TS;TS-0-04;TS-0-04-0
0-TS;TS-0-04;TS-0-04-01
0-TS;TS-0-04;TS-0-04-02
0-TS;TS-0-04;TS-0-04-03
0-TS;TS-0-05;TS-0-05-0
0-TS;TS-0-05;TS-0-05-01
0-TS;TS-0-05;TS-0-05-02
0-TS;TS-0-06;TS-0-06-0
0-TS;TS-0-06;TS-0-06-01
0-TS;TS-0-06;TS-0-06-02
0-TS;TS-0-06;TS-0-06-03
0-TS;TS-0-06;TS-0-06-04
0-TS;TS-0-06;TS-0-06-05
0-TS;TS-0-06;TS-0-06-06
0-TS;TS-0-06;TS-0-06-07
0-TS;TS-0-06;TS-0-06-08
0-TS;TS-0-06;TS-0-06-09
0-TS;TS-0-06;TS-0-06-10
0-TS;TS-0-06;TS-0-06-11
0-TS;TS-0-06;TS-0-06-12
0-TS;TS-0-06;TS-0-06-13
0-TS;TS-0-06;TS-0-06-14
0-TS;TS-0-07;TS-0-07-0
0-TS;TS-0-07;TS-0-07-01
0-TS;TS-0-07;TS-0-07-02
0-TS;TS-0-07;TS-0-07-03
0-TS;TS-0-07;TS-0-07-04
0-TS;TS-0-07;TS-0-07-05
0-TS;TS-0-08;TS-0-08-0
0-TS;TS-0-08;TS-0-08-01
0-TS;TS-0-08;TS-0-08-02
0-TS;TS-0-08;TS-0-08-03
0-TS;TS-0-08;TS-0-08-04
0-TS;TS-0-08;TS-0-08-05
0-TS;TS-0-08;TS-0-08-06
0-TS;TS-0-08;TS-0-08-07
0-TS;TS-0-08;TS-0-08-08
0-TS;TS-0-08;TS-0-08-09
0-TS;TS-0-08;TS-0-08-10
0-TS;TS-0-09;TS-0-09-0
0-TS;TS-0-09;TS-0-09-01
0-TS;TS-0-09;TS-0-09-02
0-TS;TS-0-09;TS-0-09-03
0-TS;TS-0-09;TS-0-09-04
0-TS;TS-0-09;TS-0-09-05
0-TS;TS-0-09;TS-0-09-06
0-TU;TU-0-0;TU-0-0-0
0-TU;TU-0-01;TU-0-01-0
0-TU;TU-0-01;TU-0-01-01
0-TU;TU-0-01;TU-0-01-02
0-TU;TU-0-02;TU-0-02-0
0-TU;TU-0-02;TU-0-02-01
0-U;U-0-01;U-0-01-01
BM-A;A-0-0;A-0-0-0
BM-A;A-0-01;A-0-01-0
BM-A;A-0-02;A-0-02-0
BM-A;A-0-03;A-0-03-0
BM-A;A-0-04;A-0-04-0
BM-A;A-0-05;A-0-05-0
BM-A;A-0-06;A-0-06-0
BM-A;A-0-07;A-0-07-0
BM-A;A-0-08;A-0-08-0
BM-A;A-0-09;A-0-09-0
EL-A;A-0-0;A-0-0-0
EL-A;A-0-01;A-0-01-0
EL-A;A-0-02;A-0-02-0
EL-A;A-0-03;A-0-03-0
EL-B;B-0-0;B-0-0-0
EL-B;B-0-01;B-0-01-0
EL-B;B-0-02;B-0-02-0
EL-B;B-0-03;B-0-03-0
EL-B;B-0-04;B-0-04-0
EL-C;C-0-0;C-0-0-0
EL-C;C-0-01;C-0-01-0
EL-C;C-0-02;C-0-02-0
EL-C;C-0-03;C-0-03-0
EL-D;D-0-0;D-0-0-0
EL-D;D-0-01;D-0-01-0
EL-D;D-0-02;D-0-02-0
EL-D;D-0-03;D-0-03-0
EL-E;E-0-0;E-0-0-0
EL-E;E-0-01;E-0-01-0
EL-E;E-0-02;E-0-02-0
EL-E;E-0-03;E-0-03-0
EL-E;E-0-04;E-0-04-0
EL-F;F-0-0;F-0-0-0
EL-F;F-0-01;F-0-01-0
EL-G;G-0-0;G-0-0-0
EL-G;G-0-01;G-0-01-0
FL-A;A-0-0;A-0-0-0
FL-A;A-0-01;A-0-01-0
FL-A;A-0-02;A-0-02-0
FL-A;A-0-03;A-0-03-0
FL-A;A-0-04;A-0-04-0
FL-A;A-0-05;A-0-05-0
FL-A;A-0-06;A-0-06-0
FL-A;A-0-07;A-0-07-0
FL-A;A-0-08;A-0-08-0
FL-A;A-0-09;A-0-09-0
FL-A;A-0-10;A-0-10-0
FL-B;B-0-0;B-0-0-0
FL-B;B-0-01;B-0-01-0
FL-C;C-0-0;C-0-0-0
FL-C;C-0-01;C-0-01-0
FL-C;C-0-02;C-0-02-0
FL-C;C-0-03;C-0-03-0
FL-C;C-0-04;C-0-04-0
FL-C;C-0-05;C-0-05-0
FL-D;D-0-0;D-0-0-0
FL-D;D-0-11;D-0-11-0
FL-D;D-0-01;D-0-01-0
FL-D;D-0-02;D-0-02-0
FL-D;D-0-03;D-0-03-0
FL-D;D-0-04;D-0-04-0
FL-D;D-0-05;D-0-05-0
FL-D;D-0-06;D-0-06-0
FL-D;D-0-07;D-0-07-0
FL-D;D-0-08;D-0-08-0
FL-D;D-0-09;D-0-09-0
FL-D;D-0-10;D-0-10-0
FL-E;E-0-0;E-0-0-0
FL-E;E-0-01;E-0-01-0
FL-E;E-0-02;E-0-02-0
FL-E;E-0-03;E-0-03-0
FL-E;E-0-04;E-0-04-0
FL-F;F-0-0;F-0-0-0
FL-F;F-0-01;F-0-01-0
FL-F;F-0-02;F-0-02-0
FL-F;F-0-03;F-0-03-0
FL-F;F-0-04;F-0-04-0
FL-F;F-0-05;F-0-05-0
FL-F;F-0-06;F-0-06-0
FL-G;G-0-0;G-0-0-0
FL-G;G-0-01;G-0-01-0
FL-G;G-0-02;G-0-02-0
FL-G;G-0-03;G-0-03-0
FL-G;G-0-04;G-0-04-0
FL-G;G-0-05;G-0-05-0
FL-G;G-0-06;G-0-06-0
FL-G;G-0-07;G-0-07-0
FL-G;G-0-08;G-0-08-0
FL-H;H-0-0;H-0-0-0
FL-H;H-0-11;H-0-11-0
FL-H;H-0-12;H-0-12-0
FL-H;H-0-13;H-0-13-0
FL-H;H-0-14;H-0-14-0
FL-H;H-0-15;H-0-15-0
FL-H;H-0-16;H-0-16-0
FL-H;H-0-17;H-0-17-0
FL-H;H-0-18;H-0-18-0
FL-H;H-0-19;H-0-19-0
FL-H;H-0-20;H-0-20-0
FL-H;H-0-21;H-0-21-0
FL-H;H-0-22;H-0-22-0
FL-H;H-0-23;H-0-23-0
FL-H;H-0-24;H-0-24-0
FL-H;H-0-25;H-0-25-0
FL-H;H-0-26;H-0-26-0
FL-H;H-0-27;H-0-27-0
FL-H;H-0-28;H-0-28-0
FL-H;H-0-29;H-0-29-0
FL-H;H-0-30;H-0-30-0
FL-H;H-0-01;H-0-01-0
FL-H;H-0-02;H-0-02-0
FL-H;H-0-03;H-0-03-0
FL-H;H-0-04;H-0-04-0
FL-H;H-0-05;H-0-05-0
FL-H;H-0-06;H-0-06-0
FL-H;H-0-07;H-0-07-0
FL-H;H-0-08;H-0-08-0
FL-H;H-0-09;H-0-09-0
FL-H;H-0-10;H-0-10-0
FL-I;I-0-0;I-0-0-0
FL-I;I-0-11;I-0-11-0
FL-I;I-0-12;I-0-12-0
FL-I;I-0-01;I-0-01-0
FL-I;I-0-02;I-0-02-0
FL-I;I-0-03;I-0-03-0
FL-I;I-0-04;I-0-04-0
FL-I;I-0-05;I-0-05-0
FL-I;I-0-06;I-0-06-0
FL-I;I-0-07;I-0-07-0
FL-I;I-0-08;I-0-08-0
FL-I;I-0-09;I-0-09-0
FL-I;I-0-10;I-0-10-0
FL-J;J-0-0;J-0-0-0
FL-J;J-0-01;J-0-01-0
FL-J;J-0-02;J-0-02-0
FL-J;J-0-03;J-0-03-0
FL-J;J-0-04;J-0-04-0
FL-K;K-0-0;K-0-0-0
FL-K;K-0-01;K-0-01-0
FL-K;K-0-02;K-0-02-0
FL-K;K-0-03;K-0-03-0
FL-L;L-0-0;L-0-0-0
FL-L;L-0-01;L-0-01-0
FL-L;L-0-02;L-0-02-0
FL-L;L-0-03;L-0-03-0
FL-L;L-0-04;L-0-04-0
FL-L;L-0-05;L-0-05-0
FL-L;L-0-06;L-0-06-0
FL-L;L-0-07;L-0-07-0
FL-L;L-0-08;L-0-08-0
FL-L;L-0-09;L-0-09-0
FL-L;L-0-10;L-0-10-0
FL-M;M-0-0;M-0-0-0
FL-M;M-0-01;M-0-01-0
FL-M;M-0-02;M-0-02-0
FL-M;M-0-03;M-0-03-0
FL-M;M-0-04;M-0-04-0
FL-M;M-0-05;M-0-05-0
FL-M;M-0-06;M-0-06-0
FL-M;M-0-07;M-0-07-0
FL-N;N-0-0;N-0-0-0
FL-N;N-0-01;N-0-01-0
FL-N;N-0-02;N-0-02-0
FL-N;N-0-03;N-0-03-0
FL-N;N-0-04;N-0-04-0
FL-N;N-0-05;N-0-05-0
FL-O;O-0-0;O-0-0-0
FL-O;O-0-01;O-0-01-0
FL-O;O-0-02;O-0-02-0
FL-P;P-0-0;P-0-0-0
FL-P;P-0-01;P-0-01-0
FL-P;P-0-02;P-0-02-0
FL-P;P-0-03;P-0-03-0
FL-P;P-0-04;P-0-04-0
FL-P;P-0-05;P-0-05-0
FL-P;P-0-06;P-0-06-0
FL-P;P-0-07;P-0-07-0
FL-P;P-0-08;P-0-08-0
IB-A;A-0-0;A-0-0-0
IB-A;A-0-01;A-0-01-0
IB-A;A-0-02;A-0-02-0
IB-B;B-0-0;B-0-0-0
IB-B;B-0-01;B-0-01-0
IB-B;B-0-02;B-0-02-0
IB-C;C-0-0;C-0-0-0
IB-C;C-0-01;C-0-01-0
IB-C;C-0-02;C-0-02-0
IB-D;D-0-0;D-0-0-0
IB-D;D-0-01;D-0-01-0
IB-D;D-0-02;D-0-02-0
IB-D;D-0-03;D-0-03-0
IB-D;D-0-04;D-0-04-0
IB-D;D-0-05;D-0-05-0
IB-D;D-0-06;D-0-06-0
IB-E;E-0-0;E-0-0-0
IB-E;E-0-01;E-0-01-0
IB-E;E-0-02;E-0-02-0
IB-F;F-0-0;F-0-0-0
IB-F;F-0-01;F-0-01-0
IB-F;F-0-02;F-0-02-0
IB-G;G-0-0;G-0-0-0
IB-G;G-0-01;G-0-01-0
IB-G;G-0-02;G-0-02-0
IB-G;G-0-03;G-0-03-0
IB-G;G-0-04;G-0-04-0
IB-H;H-0-0;H-0-0-0
IB-H;H-0-01;H-0-01-0
IB-I;I-0-0;I-0-0-0
IB-I;I-0-01;I-0-01-0
IB-I;I-0-02;I-0-02-0
IB-I;I-0-03;I-0-03-0
IB-I;I-0-04;I-0-04-0
IB-I;I-0-05;I-0-05-0
IB-I;I-0-06;I-0-06-0
IB-I;I-0-07;I-0-07-0
IB-I;I-0-08;I-0-08-0
IB-I;I-0-09;I-0-09-0
IB-J;J-0-0;J-0-0-0
IB-J;J-0-01;J-0-01-0
IB-K;K-0-0;K-0-0-0
IB-K;K-0-01;K-0-01-0
IB-L;L-0-0;L-0-0-0
IB-L;L-0-01;L-0-01-0
IB-L;L-0-02;L-0-02-0
IB-M;M-0-0;M-0-0-0
IB-M;M-0-01;M-0-01-0
IB-N;N-0-0;N-0-0-0
IB-N;N-0-01;N-0-01-0
IB-N;N-0-02;N-0-02-0
IB-N;N-0-03;N-0-03-0
IB-N;N-0-04;N-0-04-0
LA-I;I-0--;I-0---0
LA-I;I-0-01;I-0-01-0
LA-I;I-0-01;I-0-01-001
LA-I;I-0-01;I-0-01-002
LA-I;I-0-01;I-0-01-003
LA-I;I-0-01;I-0-01-004
LA-I;I-0-01;I-0-01-005
LA-I;I-0-01;I-0-01-006
LA-I;I-0-01;I-0-01-007
LA-I;I-0-01;I-0-01-008
LA-I;I-0-01;I-0-01-009
LA-I;I-0-01;I-0-01-010
LA-I;I-0-01;I-0-01-011
LA-I;I-0-01;I-0-01-012
LA-I;I-0-01;I-0-01-013
LA-I;I-0-01;I-0-01-014
LA-I;I-0-01;I-0-01-015
LA-I;I-0-01;I-0-01-016
LA-I;I-0-01;I-0-01-017
LA-I;I-0-01;I-0-01-018
LA-I;I-0-01;I-0-01-019
LA-I;I-0-01;I-0-01-020
LA-I;I-0-01;I-0-01-021
LA-I;I-0-01;I-0-01-022
LA-I;I-0-01;I-0-01-023
LA-I;I-0-01;I-0-01-024
LA-I;I-0-01;I-0-01-025
LA-I;I-0-01;I-0-01-026
LA-I;I-0-01;I-0-01-027
LA-I;I-0-01;I-0-01-028
LA-I;I-0-01;I-0-01-029
LA-I;I-0-01;I-0-01-030
LA-I;I-0-01;I-0-01-031
LA-I;I-0-01;I-0-01-032
LA-I;I-0-01;I-0-01-033
LA-I;I-0-01;I-0-01-034
LA-I;I-0-01;I-0-01-035
LA-I;I-0-01;I-0-01-036
LA-I;I-0-01;I-0-01-037
LA-I;I-0-01;I-0-01-038
LA-I;I-0-01;I-0-01-039
LA-I;I-0-01;I-0-01-040
LA-I;I-0-01;I-0-01-041
LA-I;I-0-01;I-0-01-042
LA-I;I-0-01;I-0-01-043
LA-I;I-0-01;I-0-01-044
LA-I;I-0-01;I-0-01-045
LA-I;I-0-01;I-0-01-046
LA-I;I-0-01;I-0-01-047
LA-I;I-0-01;I-0-01-048
LA-I;I-0-01;I-0-01-049
LA-I;I-0-01;I-0-01-050
LA-I;I-0-01;I-0-01-051
LA-I;I-0-01;I-0-01-052
LA-I;I-0-01;I-0-01-053
LA-I;I-0-01;I-0-01-054
LA-I;I-0-02;I-0-02-0
LA-I;I-0-02;I-0-02-001
LA-I;I-0-02;I-0-02-002
LA-I;I-0-02;I-0-02-003
LA-I;I-0-02;I-0-02-004
LA-I;I-0-02;I-0-02-005
LA-I;I-0-02;I-0-02-006
LA-I;I-0-02;I-0-02-007
LA-I;I-0-02;I-0-02-008
LA-I;I-0-02;I-0-02-009
LA-I;I-0-02;I-0-02-010
LA-I;I-0-02;I-0-02-011
LA-I;I-0-02;I-0-02-012
LA-I;I-0-02;I-0-02-013
LA-I;I-0-02;I-0-02-014
LA-I;I-0-02;I-0-02-015
LA-I;I-0-02;I-0-02-016
LA-I;I-0-02;I-0-02-017
LA-I;I-0-02;I-0-02-018
LA-I;I-0-02;I-0-02-019
LA-I;I-0-02;I-0-02-020
LA-I;I-0-02;I-0-02-021
LA-I;I-0-02;I-0-02-022
LA-I;I-0-02;I-0-02-023
LA-I;I-0-02;I-0-02-024
LA-I;I-0-02;I-0-02-025
LA-I;I-0-02;I-0-02-026
LA-I;I-0-02;I-0-02-027
LA-I;I-0-02;I-0-02-028
LA-I;I-0-02;I-0-02-029
LA-I;I-0-02;I-0-02-030
LA-I;I-0-02;I-0-02-031
LA-I;I-0-02;I-0-02-032
LA-I;I-0-02;I-0-02-033
LA-I;I-0-02;I-0-02-034
LA-I;I-0-02;I-0-02-035
LA-I;I-0-02;I-0-02-036
LA-I;I-0-02;I-0-02-037
LA-I;I-0-02;I-0-02-038
LA-I;I-0-02;I-0-02-039
LA-I;I-0-02;I-0-02-040
LA-I;I-0-02;I-0-02-041
LA-I;I-0-02;I-0-02-042
LA-I;I-0-02;I-0-02-043
LA-I;I-0-02;I-0-02-044
LA-I;I-0-02;I-0-02-045
LA-I;I-0-02;I-0-02-046
LA-I;I-0-02;I-0-02-047
LA-I;I-0-02;I-0-02-048
LA-I;I-0-02;I-0-02-049
LA-I;I-0-02;I-0-02-050
LA-I;I-0-02;I-0-02-051
LA-I;I-0-02;I-0-02-052
LA-I;I-0-02;I-0-02-053
LA-I;I-0-02;I-0-02-054
LA-I;I-0-02;I-0-02-055
LA-I;I-0-02;I-0-02-056
LA-I;I-0-02;I-0-02-057
LA-I;I-0-02;I-0-02-058
LA-I;I-0-02;I-0-02-059
LA-I;I-0-02;I-0-02-060
LA-I;I-0-02;I-0-02-061
LA-I;I-0-02;I-0-02-062
LA-I;I-0-02;I-0-02-063
LA-I;I-0-02;I-0-02-064
LA-I;I-0-02;I-0-02-065
LA-I;I-0-02;I-0-02-066
LA-I;I-0-02;I-0-02-067
LA-I;I-0-02;I-0-02-068
LA-I;I-0-02;I-0-02-069
LA-I;I-0-02;I-0-02-070
LA-I;I-0-02;I-0-02-071
LA-I;I-0-02;I-0-02-072
LA-I;I-0-02;I-0-02-073
LA-I;I-0-02;I-0-02-074
LA-I;I-0-02;I-0-02-075
LA-I;I-0-02;I-0-02-076
LA-I;I-0-02;I-0-02-077
LA-I;I-0-02;I-0-02-078
LA-I;I-0-02;I-0-02-079
LA-I;I-0-02;I-0-02-080
LA-I;I-0-02;I-0-02-081
LA-I;I-0-02;I-0-02-082
LA-I;I-0-02;I-0-02-083
LA-I;I-0-02;I-0-02-084
LA-I;I-0-02;I-0-02-085
LA-I;I-0-02;I-0-02-086
LA-I;I-0-02;I-0-02-087
LA-I;I-0-02;I-0-02-088
LA-I;I-0-02;I-0-02-089
LA-I;I-0-02;I-0-02-090
LA-I;I-0-02;I-0-02-091
LA-I;I-0-02;I-0-02-092
LA-I;I-0-02;I-0-02-093
LA-I;I-0-02;I-0-02-094
LA-I;I-0-02;I-0-02-095
LA-I;I-0-02;I-0-02-096
LA-I;I-0-02;I-0-02-097
LA-I;I-0-02;I-0-02-098
LA-I;I-0-02;I-0-02-099
LA-I;I-0-02;I-0-02-100
LA-I;I-0-02;I-0-02-101
LA-I;I-0-02;I-0-02-102
LA-I;I-0-02;I-0-02-103
LA-I;I-0-02;I-0-02-104
LA-I;I-0-03;I-0-03-0
LA-I;I-0-03;I-0-03-001
LA-I;I-0-03;I-0-03-002
LA-I;I-0-03;I-0-03-003
LA-I;I-0-03;I-0-03-004
LA-I;I-0-03;I-0-03-005
LA-I;I-0-03;I-0-03-006
LA-I;I-0-03;I-0-03-007
LA-I;I-0-03;I-0-03-008
LA-I;I-0-03;I-0-03-009
LA-I;I-0-03;I-0-03-010
LA-I;I-0-03;I-0-03-011
LA-I;I-0-03;I-0-03-012
LA-I;I-0-03;I-0-03-013
LA-I;I-0-03;I-0-03-014
LA-I;I-0-03;I-0-03-015
LA-I;I-0-03;I-0-03-016
LA-I;I-0-03;I-0-03-017
LA-I;I-0-03;I-0-03-018
LA-I;I-0-03;I-0-03-019
LA-I;I-0-03;I-0-03-020
LA-I;I-0-03;I-0-03-021
LA-I;I-0-03;I-0-03-022
LA-I;I-0-03;I-0-03-023
LA-I;I-0-03;I-0-03-024
LA-I;I-0-03;I-0-03-025
LA-I;I-0-03;I-0-03-026
LA-I;I-0-03;I-0-03-027
LA-I;I-0-03;I-0-03-028
LA-I;I-0-03;I-0-03-029
LA-I;I-0-03;I-0-03-030
LA-I;I-0-03;I-0-03-031
LA-I;I-0-03;I-0-03-032
LA-I;I-0-03;I-0-03-033
LA-I;I-0-03;I-0-03-034
LA-I;I-0-03;I-0-03-035
LA-I;I-0-03;I-0-03-036
LA-K;K-0--;K-0---0
LA-K;K-0-01;K-0-01-0
LA-K;K-0-01;K-0-01-001
LA-K;K-0-02;K-0-02-0
LA-K;K-0-02;K-0-02-001
LA-K;K-0-02;K-0-02-002
LA-K;K-0-02;K-0-02-003
LA-K;K-0-02;K-0-02-004
LA-K;K-0-02;K-0-02-005
LA-K;K-0-02;K-0-02-006
LA-K;K-0-02;K-0-02-007
LA-K;K-0-02;K-0-02-008
LA-K;K-0-02;K-0-02-009
LA-K;K-0-02;K-0-02-010
LA-K;K-0-02;K-0-02-011
LA-K;K-0-02;K-0-02-012
LA-K;K-0-02;K-0-02-013
LA-K;K-0-02;K-0-02-014
LA-K;K-0-02;K-0-02-015
LA-K;K-0-02;K-0-02-016
LA-K;K-0-02;K-0-02-017
LA-K;K-0-02;K-0-02-018
LA-K;K-0-02;K-0-02-019
LA-K;K-0-02;K-0-02-020
LA-K;K-0-02;K-0-02-021
LA-K;K-0-02;K-0-02-022
LA-K;K-0-02;K-0-02-023
LA-K;K-0-02;K-0-02-024
LA-K;K-0-02;K-0-02-025
LA-K;K-0-02;K-0-02-026
LA-K;K-0-03;K-0-03-0
LA-K;K-0-03;K-0-03-001
LA-K;K-0-03;K-0-03-002
LA-K;K-0-03;K-0-03-003
LA-K;K-0-03;K-0-03-004
LA-K;K-0-03;K-0-03-005
LA-K;K-0-03;K-0-03-006
LA-K;K-0-03;K-0-03-007
LA-K;K-0-03;K-0-03-008
LA-K;K-0-03;K-0-03-009
LA-K;K-0-03;K-0-03-010
LA-K;K-0-03;K-0-03-011
LA-K;K-0-03;K-0-03-012
LA-K;K-0-03;K-0-03-013
LA-K;K-0-03;K-0-03-014
LA-K;K-0-03;K-0-03-015
LA-K;K-0-03;K-0-03-016
LA-K;K-0-03;K-0-03-017
LA-K;K-0-03;K-0-03-018
LA-K;K-0-03;K-0-03-019
LA-K;K-0-03;K-0-03-020
LA-K;K-0-03;K-0-03-021
LA-K;K-0-03;K-0-03-022
LA-K;K-0-03;K-0-03-023
LA-K;K-0-03;K-0-03-024
LA-K;K-0-03;K-0-03-025
LA-K;K-0-03;K-0-03-026
LA-K;K-0-03;K-0-03-027
LA-K;K-0-03;K-0-03-028
LA-K;K-0-03;K-0-03-029
LA-K;K-0-03;K-0-03-030
LA-K;K-0-03;K-0-03-031
LA-K;K-0-03;K-0-03-032
LA-K;K-0-03;K-0-03-033
LA-K;K-0-03;K-0-03-034
LA-K;K-0-03;K-0-03-035
LA-K;K-0-03;K-0-03-036
LA-K;K-0-03;K-0-03-037
LA-K;K-0-03;K-0-03-038
LA-K;K-0-03;K-0-03-039
LA-K;K-0-03;K-0-03-040
LA-K;K-0-03;K-0-03-041
LA-K;K-0-03;K-0-03-042
LA-K;K-0-03;K-0-03-043
LA-K;K-0-03;K-0-03-044
LA-K;K-0-03;K-0-03-045
LA-K;K-0-03;K-0-03-046
LA-K;K-0-03;K-0-03-047
LA-K;K-0-03;K-0-03-048
LA-K;K-0-03;K-0-03-049
LA-K;K-0-03;K-0-03-050
LA-K;K-0-03;K-0-03-051
LA-K;K-0-03;K-0-03-052
LA-K;K-0-03;K-0-03-053
LA-K;K-0-03;K-0-03-054
LA-K;K-0-03;K-0-03-055
LA-K;K-0-03;K-0-03-056
LA-K;K-0-03;K-0-03-057
LA-K;K-0-03;K-0-03-058
LA-K;K-0-03;K-0-03-059
LA-K;K-0-03;K-0-03-060
LA-K;K-0-03;K-0-03-061
LA-K;K-0-03;K-0-03-062
LA-K;K-0-03;K-0-03-063
LA-M;M-0--;M-0---0
LA-M;M-0-01;M-0-01-0
LA-M;M-0-02;M-0-02-0
LA-M;M-0-03;M-0-03-0
NA-F;F-0-0;F-0-0-0
NA-F;F-A-01;F-A-01-0
NA-F;F-A-01;F-A-01-01
NA-F;F-A-01;F-A-01-02
NA-F;F-A-01;F-A-01-03
NA-F;F-A-01;F-A-01-04
NA-F;F-A-01;F-A-01-05
NA-F;F-A-01;F-A-01-06
NA-F;F-B-01;F-B-01-0
NA-F;F-B-01;F-B-01-01
NA-F;F-B-01;F-B-01-02
NA-F;F-B-01;F-B-01-03
NA-F;F-B-01;F-B-01-04
NA-F;F-B-01;F-B-01-05
NA-F;F-B-01;F-B-01-06
NA-F;F-B-01;F-B-01-07
NA-F;F-B-01;F-B-01-08
NA-F;F-B-01;F-B-01-09
NA-F;F-B-01;F-B-01-10
NA-F;F-B-01;F-B-01-11
NA-F;F-B-01;F-B-01-12
NA-F;F-B-01;F-B-01-13
NA-F;F-B-01;F-B-01-14
NA-F;F-B-01;F-B-01-15
NA-F;F-B-01;F-B-01-16
NA-F;F-B-01;F-B-01-17
NA-F;F-B-01;F-B-01-18
NA-F;F-C-01;F-C-01-0
NA-F;F-C-01;F-C-01-01
NA-F;F-C-01;F-C-01-02
NA-F;F-C-01;F-C-01-03
NA-F;F-M-01;F-M-01-0
NA-F;F-M-01;F-M-01-01
NA-F;F-M-01;F-M-01-02
NA-F;F-M-01;F-M-01-03
NA-F;F-M-01;F-M-01-04
NA-F;F-M-01;F-M-01-05
NA-F;F-M-01;F-M-01-06
NA-F;F-M-01;F-M-01-07
NA-F;F-M-01;F-M-01-08
NA-F;F-A-02;F-A-02-0
NA-F;F-A-02;F-A-02-01
NA-F;F-A-02;F-A-02-02
NA-F;F-A-02;F-A-02-03
NA-F;F-A-02;F-A-02-04
NA-F;F-A-02;F-A-02-05
NA-F;F-A-02;F-A-02-06
NA-F;F-A-02;F-A-02-07
NA-F;F-A-02;F-A-02-08
NA-F;F-A-02;F-A-02-09
NA-F;F-A-02;F-A-02-10
NA-F;F-A-02;F-A-02-11
NA-F;F-A-02;F-A-02-12
NA-F;F-A-02;F-A-02-13
NA-F;F-A-02;F-A-02-14
NA-F;F-A-02;F-A-02-15
NA-F;F-A-02;F-A-02-16
NA-F;F-A-02;F-A-02-17
NA-F;F-B-02;F-B-02-0
NA-F;F-B-02;F-B-02-01
NA-F;F-B-02;F-B-02-02
NA-F;F-B-02;F-B-02-03
NA-F;F-B-02;F-B-02-04
NA-F;F-B-02;F-B-02-05
NA-F;F-B-02;F-B-02-06
NA-F;F-B-02;F-B-02-07
NA-F;F-B-02;F-B-02-08
NA-F;F-B-02;F-B-02-09
NA-F;F-B-02;F-B-02-10
NA-F;F-B-02;F-B-02-11
NA-F;F-B-02;F-B-02-12
NA-F;F-B-02;F-B-02-13
NA-F;F-B-02;F-B-02-14
NA-F;F-B-02;F-B-02-15
NA-F;F-B-02;F-B-02-16
NA-F;F-B-02;F-B-02-17
NA-F;F-B-02;F-B-02-18
NA-F;F-C-02;F-C-02-0
NA-F;F-C-02;F-C-02-01
NA-F;F-M-02;F-M-02-0
NA-F;F-M-02;F-M-02-01
NA-F;F-M-02;F-M-02-02
NA-F;F-M-02;F-M-02-03
NA-F;F-M-02;F-M-02-04
NA-F;F-B-03;F-B-03-0
NA-F;F-B-03;F-B-03-01
NA-F;F-C-03;F-C-03-0
NA-F;F-C-03;F-C-03-01
NA-F;F-C-03;F-C-03-02
NA-F;F-M-03;F-M-03-0
NA-F;F-M-03;F-M-03-01
NA-F;F-M-03;F-M-03-02
NA-F;F-C-04;F-C-04-0
NA-F;F-C-04;F-C-04-01
NA-F;F-C-04;F-C-04-02
NA-F;F-C-04;F-C-04-03
NA-F;F-C-04;F-C-04-04
NA-F;F-C-04;F-C-04-05
NA-F;F-C-04;F-C-04-06
NA-F;F-M-04;F-M-04-0
NA-F;F-M-04;F-M-04-01
NA-F;F-C-05;F-C-05-0
NA-F;F-C-05;F-C-05-01
NA-F;F-C-05;F-C-05-02
NA-F;F-M-05;F-M-05-0
NA-F;F-M-05;F-M-05-01
NA-F;F-M-05;F-M-05-02
NA-I;I-0-0;I-0-0-0
NA-I;I-A-01;I-A-01-0
NA-I;I-A-01;I-A-01-01
NA-I;I-A-01;I-A-01-02
NA-I;I-A-01;I-A-01-03
NA-I;I-A-01;I-A-01-04
NA-L;L-0-0;L-0-0-0
NA-L;L-A-01;L-A-01-0
NA-L;L-A-01;L-A-01-01
NA-L;L-A-01;L-A-01-02
NA-L;L-A-01;L-A-01-03
NA-L;L-A-01;L-A-01-04
NA-L;L-A-01;L-A-01-05
NA-L;L-A-01;L-A-01-06
NA-L;L-A-01;L-A-01-07
NA-L;L-A-01;L-A-01-08
NA-L;L-A-01;L-A-01-09
NA-L;L-A-01;L-A-01-10
NA-L;L-A-01;L-A-01-11
NA-L;L-A-01;L-A-01-12
NA-L;L-A-01;L-A-01-13
NA-L;L-B-01;L-B-01-0
NA-L;L-B-01;L-B-01-01
NA-L;L-B-01;L-B-01-02
NA-L;L-B-01;L-B-01-03
NA-L;L-C-01;L-C-01-0
NA-L;L-C-01;L-C-01-01
NA-L;L-C-01;L-C-01-02
NA-L;L-C-01;L-C-01-03
NA-L;L-C-01;L-C-01-04
NA-L;L-C-01;L-C-01-05
NA-L;L-G-01;L-G-01-0
NA-L;L-G-01;L-G-01-01
NA-L;L-G-01;L-G-01-02
NA-L;L-J-01;L-J-01-0
NA-L;L-J-01;L-J-01-01
NA-L;L-M-01;L-M-01-0
NA-L;L-M-01;L-M-01-01
NA-L;L-M-01;L-M-01-02
NA-L;L-M-01;L-M-01-03
NA-L;L-M-01;L-M-01-04
NA-L;L-M-01;L-M-01-05
NA-L;L-A-02;L-A-02-0
NA-L;L-A-02;L-A-02-01
NA-L;L-A-02;L-A-02-02
NA-L;L-A-02;L-A-02-03
NA-L;L-A-02;L-A-02-04
NA-L;L-A-02;L-A-02-05
NA-L;L-A-02;L-A-02-06
NA-L;L-A-02;L-A-02-07
NA-L;L-A-02;L-A-02-08
NA-L;L-A-02;L-A-02-09
NA-L;L-A-02;L-A-02-10
NA-L;L-A-02;L-A-02-11
NA-L;L-A-02;L-A-02-12
NA-L;L-A-02;L-A-02-13
NA-L;L-A-02;L-A-02-14
NA-L;L-A-02;L-A-02-15
NA-L;L-A-02;L-A-02-16
NA-L;L-A-02;L-A-02-17
NA-L;L-A-02;L-A-02-18
NA-L;L-A-02;L-A-02-19
NA-L;L-A-02;L-A-02-20
NA-L;L-A-02;L-A-02-21
NA-L;L-A-02;L-A-02-22
NA-L;L-A-02;L-A-02-23
NA-L;L-A-02;L-A-02-24
NA-L;L-A-02;L-A-02-25
NA-L;L-A-02;L-A-02-26
NA-L;L-A-02;L-A-02-27
NA-L;L-A-02;L-A-02-28
NA-L;L-A-02;L-A-02-29
NA-L;L-A-02;L-A-02-30
NA-L;L-A-02;L-A-02-31
NA-L;L-A-02;L-A-02-32
NA-L;L-B-02;L-B-02-0
NA-L;L-B-02;L-B-02-01
NA-L;L-B-02;L-B-02-02
NA-L;L-B-02;L-B-02-03
NA-L;L-C-02;L-C-02-0
NA-L;L-C-02;L-C-02-01
NA-L;L-C-02;L-C-02-02
NA-L;L-C-02;L-C-02-03
NA-L;L-C-02;L-C-02-04
NA-L;L-M-02;L-M-02-0
NA-L;L-M-02;L-M-02-01
NA-L;L-M-02;L-M-02-02
NA-L;L-M-02;L-M-02-03
NA-L;L-M-02;L-M-02-04
NA-L;L-A-03;L-A-03-0
NA-L;L-A-03;L-A-03-01
NA-L;L-A-03;L-A-03-02
NA-L;L-A-03;L-A-03-03
NA-L;L-A-03;L-A-03-04
NA-L;L-C-03;L-C-03-0
NA-L;L-C-03;L-C-03-01
NA-L;L-C-03;L-C-03-02
NA-L;L-M-03;L-M-03-0
NA-L;L-M-03;L-M-03-01
NA-L;L-M-03;L-M-03-02
NA-L;L-M-03;L-M-03-03
NA-L;L-M-03;L-M-03-04
NA-L;L-C-04;L-C-04-0
NA-L;L-C-04;L-C-04-01
NA-L;L-C-04;L-C-04-02
NA-L;L-C-04;L-C-04-03
NA-L;L-C-04;L-C-04-04
NA-L;L-C-04;L-C-04-05
NA-L;L-C-04;L-C-04-06
NA-L;L-C-04;L-C-04-07
NA-L;L-M-04;L-M-04-0
NA-L;L-M-04;L-M-04-01
NA-L;L-M-04;L-M-04-02
NA-L;L-M-04;L-M-04-03
NA-L;L-M-04;L-M-04-04
NA-L;L-M-04;L-M-04-05
NA-L;L-C-05;L-C-05-0
NA-L;L-C-05;L-C-05-01
NA-L;L-C-05;L-C-05-02
NA-L;L-M-05;L-M-05-0
NA-L;L-M-05;L-M-05-01
NA-L;L-M-05;L-M-05-02
NA-L;L-M-05;L-M-05-03
NA-L;L-M-05;L-M-05-04
NA-L;L-M-05;L-M-05-05
NA-L;L-M-05;L-M-05-06
NA-L;L-M-05;L-M-05-07
NA-L;L-C-06;L-C-06-0
NA-L;L-C-06;L-C-06-01
NA-L;L-C-06;L-C-06-02
NA-M;M-0-0;M-0-0-0
NA-M;M-C-10;M-C-10-0
NA-M;M-C-10;M-C-10-01
NA-M;M-A-01;M-A-01-0
NA-M;M-A-01;M-A-01-01
NA-M;M-A-01;M-A-01-02
NA-M;M-A-01;M-A-01-03
NA-M;M-A-01;M-A-01-04
NA-M;M-A-01;M-A-01-05
NA-M;M-A-01;M-A-01-06
NA-M;M-A-01;M-A-01-07
NA-M;M-A-01;M-A-01-08
NA-M;M-A-01;M-A-01-09
NA-M;M-A-01;M-A-01-10
NA-M;M-A-01;M-A-01-11
NA-M;M-A-01;M-A-01-12
NA-M;M-A-01;M-A-01-13
NA-M;M-A-01;M-A-01-14
NA-M;M-A-01;M-A-01-15
NA-M;M-B-01;M-B-01-0
NA-M;M-B-01;M-B-01-01
NA-M;M-B-01;M-B-01-02
NA-M;M-B-01;M-B-01-03
NA-M;M-B-01;M-B-01-04
NA-M;M-B-01;M-B-01-05
NA-M;M-C-01;M-C-01-0
NA-M;M-C-01;M-C-01-01
NA-M;M-C-01;M-C-01-02
NA-M;M-C-01;M-C-01-03
NA-M;M-C-01;M-C-01-04
NA-M;M-C-01;M-C-01-05
NA-M;M-F-01;M-F-01-0
NA-M;M-F-01;M-F-01-01
NA-M;M-F-01;M-F-01-02
NA-M;M-J-01;M-J-01-0
NA-M;M-J-01;M-J-01-01
NA-M;M-M-01;M-M-01-0
NA-M;M-M-01;M-M-01-01
NA-M;M-M-01;M-M-01-02
NA-M;M-M-01;M-M-01-03
NA-M;M-M-01;M-M-01-04
NA-M;M-M-01;M-M-01-05
NA-M;M-M-01;M-M-01-06
NA-M;M-A-02;M-A-02-0
NA-M;M-A-02;M-A-02-01
NA-M;M-A-02;M-A-02-02
NA-M;M-A-02;M-A-02-03
NA-M;M-A-02;M-A-02-04
NA-M;M-A-02;M-A-02-05
NA-M;M-A-02;M-A-02-06
NA-M;M-A-02;M-A-02-07
NA-M;M-A-02;M-A-02-08
NA-M;M-A-02;M-A-02-09
NA-M;M-A-02;M-A-02-10
NA-M;M-A-02;M-A-02-11
NA-M;M-A-02;M-A-02-12
NA-M;M-A-02;M-A-02-13
NA-M;M-A-02;M-A-02-14
NA-M;M-A-02;M-A-02-15
NA-M;M-A-02;M-A-02-16
NA-M;M-A-02;M-A-02-17
NA-M;M-A-02;M-A-02-18
NA-M;M-A-02;M-A-02-19
NA-M;M-A-02;M-A-02-20
NA-M;M-B-02;M-B-02-0
NA-M;M-B-02;M-B-02-01
NA-M;M-B-02;M-B-02-02
NA-M;M-C-02;M-C-02-0
NA-M;M-C-02;M-C-02-01
NA-M;M-C-02;M-C-02-02
NA-M;M-C-02;M-C-02-03
NA-M;M-C-02;M-C-02-04
NA-M;M-C-02;M-C-02-05
NA-M;M-C-02;M-C-02-06
NA-M;M-C-02;M-C-02-07
NA-M;M-C-02;M-C-02-08
NA-M;M-C-02;M-C-02-09
NA-M;M-C-02;M-C-02-10
NA-M;M-C-02;M-C-02-11
NA-M;M-C-02;M-C-02-12
NA-M;M-C-02;M-C-02-13
NA-M;M-M-02;M-M-02-0
NA-M;M-M-02;M-M-02-01
NA-M;M-M-02;M-M-02-02
NA-M;M-A-03;M-A-03-0
NA-M;M-A-03;M-A-03-01
NA-M;M-A-03;M-A-03-02
NA-M;M-A-03;M-A-03-03
NA-M;M-A-03;M-A-03-04
NA-M;M-A-03;M-A-03-05
NA-M;M-A-03;M-A-03-06
NA-M;M-A-03;M-A-03-07
NA-M;M-A-03;M-A-03-08
NA-M;M-A-03;M-A-03-09
NA-M;M-A-03;M-A-03-10
NA-M;M-A-03;M-A-03-11
NA-M;M-B-03;M-B-03-0
NA-M;M-B-03;M-B-03-01
NA-M;M-B-03;M-B-03-02
NA-M;M-C-03;M-C-03-0
NA-M;M-C-03;M-C-03-01
NA-M;M-C-03;M-C-03-02
NA-M;M-C-03;M-C-03-03
NA-M;M-C-03;M-C-03-04
NA-M;M-A-04;M-A-04-0
NA-M;M-A-04;M-A-04-01
NA-M;M-A-04;M-A-04-02
NA-M;M-A-04;M-A-04-03
NA-M;M-A-04;M-A-04-04
NA-M;M-A-04;M-A-04-05
NA-M;M-A-04;M-A-04-06
NA-M;M-A-04;M-A-04-07
NA-M;M-A-04;M-A-04-08
NA-M;M-A-04;M-A-04-09
NA-M;M-A-04;M-A-04-10
NA-M;M-A-04;M-A-04-11
NA-M;M-A-04;M-A-04-12
NA-M;M-C-04;M-C-04-0
NA-M;M-C-04;M-C-04-01
NA-M;M-C-04;M-C-04-02
NA-M;M-C-04;M-C-04-03
NA-M;M-C-04;M-C-04-04
NA-M;M-C-04;M-C-04-05
NA-M;M-C-04;M-C-04-06
NA-M;M-C-04;M-C-04-07
NA-M;M-C-04;M-C-04-08
NA-M;M-C-04;M-C-04-09
NA-M;M-C-04;M-C-04-10
NA-M;M-A-05;M-A-05-0
NA-M;M-A-05;M-A-05-01
NA-M;M-A-05;M-A-05-02
NA-M;M-A-05;M-A-05-03
NA-M;M-A-05;M-A-05-04
NA-M;M-A-05;M-A-05-05
NA-M;M-A-05;M-A-05-06
NA-M;M-A-05;M-A-05-07
NA-M;M-A-05;M-A-05-08
NA-M;M-A-05;M-A-05-09
NA-M;M-A-05;M-A-05-10
NA-M;M-A-05;M-A-05-11
NA-M;M-A-05;M-A-05-12
NA-M;M-A-05;M-A-05-13
NA-M;M-A-05;M-A-05-14
NA-M;M-A-05;M-A-05-15
NA-M;M-A-05;M-A-05-16
NA-M;M-C-05;M-C-05-0
NA-M;M-C-05;M-C-05-01
NA-M;M-C-05;M-C-05-02
NA-M;M-C-05;M-C-05-03
NA-M;M-C-05;M-C-05-04
NA-M;M-C-05;M-C-05-05
NA-M;M-A-06;M-A-06-0
NA-M;M-A-06;M-A-06-01
NA-M;M-A-06;M-A-06-02
NA-M;M-A-06;M-A-06-03
NA-M;M-A-06;M-A-06-04
NA-M;M-A-06;M-A-06-05
NA-M;M-A-06;M-A-06-06
NA-M;M-A-06;M-A-06-07
NA-M;M-A-06;M-A-06-08
NA-M;M-A-06;M-A-06-09
NA-M;M-A-06;M-A-06-10
NA-M;M-A-06;M-A-06-11
NA-M;M-A-06;M-A-06-12
NA-M;M-A-06;M-A-06-13
NA-M;M-A-06;M-A-06-14
NA-M;M-A-06;M-A-06-15
NA-M;M-A-06;M-A-06-16
NA-M;M-A-06;M-A-06-17
NA-M;M-A-06;M-A-06-18
NA-M;M-A-06;M-A-06-19
NA-M;M-A-06;M-A-06-20
NA-M;M-A-06;M-A-06-21
NA-M;M-A-06;M-A-06-22
NA-M;M-A-06;M-A-06-23
NA-M;M-A-06;M-A-06-24
NA-M;M-A-06;M-A-06-25
NA-M;M-A-06;M-A-06-26
NA-M;M-A-06;M-A-06-27
NA-M;M-A-06;M-A-06-28
NA-M;M-A-06;M-A-06-29
NA-M;M-A-06;M-A-06-30
NA-M;M-A-06;M-A-06-31
NA-M;M-C-06;M-C-06-0
NA-M;M-C-06;M-C-06-01
NA-M;M-C-06;M-C-06-02
NA-M;M-C-06;M-C-06-03
NA-M;M-C-06;M-C-06-04
NA-M;M-C-06;M-C-06-05
NA-M;M-C-07;M-C-07-0
NA-M;M-C-07;M-C-07-01
NA-M;M-C-07;M-C-07-02
NA-M;M-C-07;M-C-07-03
NA-M;M-C-08;M-C-08-0
NA-M;M-C-08;M-C-08-01
NA-M;M-C-08;M-C-08-02
NA-M;M-C-08;M-C-08-03
NA-M;M-C-08;M-C-08-04
NA-M;M-C-09;M-C-09-0
NA-M;M-C-09;M-C-09-01
NA-M;M-C-09;M-C-09-02
NA-O;O-0-0;O-0-0-0
NA-O;O-A-01;O-A-01-0
NA-O;O-A-01;O-A-01-01
NA-O;O-A-01;O-A-01-02
NA-O;O-A-01;O-A-01-03
NA-O;O-A-01;O-A-01-04
NA-O;O-A-01;O-A-01-05
NA-O;O-A-01;O-A-01-06
NA-O;O-A-01;O-A-01-07
NA-O;O-A-01;O-A-01-08
NA-O;O-A-01;O-A-01-09
NA-O;O-A-01;O-A-01-10
NA-O;O-A-01;O-A-01-11
NA-O;O-A-01;O-A-01-12
NA-O;O-A-01;O-A-01-13
NA-O;O-A-01;O-A-01-14
NA-O;O-A-01;O-A-01-15
NA-O;O-A-01;O-A-01-16
NA-O;O-A-01;O-A-01-17
NA-O;O-A-01;O-A-01-18
NA-O;O-A-01;O-A-01-19
NA-O;O-A-01;O-A-01-20
NA-O;O-A-01;O-A-01-21
NA-O;O-A-01;O-A-01-22
NA-O;O-A-01;O-A-01-23
NA-O;O-A-01;O-A-01-24
NA-O;O-A-01;O-A-01-25
NA-O;O-A-01;O-A-01-26
NA-O;O-A-01;O-A-01-27
NA-O;O-A-01;O-A-01-28
NA-O;O-A-01;O-A-01-29
NA-O;O-A-01;O-A-01-30
NA-O;O-A-01;O-A-01-31
NA-O;O-A-01;O-A-01-32
NA-O;O-B-01;O-B-01-0
NA-O;O-B-01;O-B-01-01
NA-O;O-B-01;O-B-01-02
NA-O;O-C-01;O-C-01-0
NA-O;O-C-01;O-C-01-01
NA-O;O-C-01;O-C-01-02
NA-O;O-C-01;O-C-01-03
NA-O;O-C-01;O-C-01-04
NA-O;O-C-01;O-C-01-05
NA-O;O-C-01;O-C-01-06
NA-O;O-C-01;O-C-01-07
NA-O;O-C-01;O-C-01-08
NA-O;O-C-01;O-C-01-09
NA-O;O-C-01;O-C-01-10
NA-O;O-C-01;O-C-01-11
NA-O;O-C-01;O-C-01-12
NA-O;O-C-01;O-C-01-13
NA-O;O-C-01;O-C-01-14
NA-O;O-G-01;O-G-01-0
NA-O;O-G-01;O-G-01-01
NA-O;O-M-01;O-M-01-0
NA-O;O-M-01;O-M-01-01
NA-O;O-M-01;O-M-01-02
NA-O;O-M-01;O-M-01-03
NA-O;O-M-01;O-M-01-04
NA-O;O-M-01;O-M-01-05
NA-O;O-A-02;O-A-02-0
NA-O;O-A-02;O-A-02-01
NA-O;O-A-02;O-A-02-02
NA-O;O-A-02;O-A-02-03
NA-O;O-A-02;O-A-02-04
NA-O;O-A-02;O-A-02-05
NA-O;O-A-02;O-A-02-06
NA-O;O-A-02;O-A-02-07
NA-O;O-A-02;O-A-02-08
NA-O;O-A-02;O-A-02-09
NA-O;O-A-02;O-A-02-10
NA-O;O-A-02;O-A-02-11
NA-O;O-A-02;O-A-02-12
NA-O;O-A-02;O-A-02-13
NA-O;O-A-02;O-A-02-14
NA-O;O-A-02;O-A-02-15
NA-O;O-A-02;O-A-02-16
NA-O;O-A-02;O-A-02-17
NA-O;O-A-02;O-A-02-18
NA-O;O-A-02;O-A-02-19
NA-O;O-A-02;O-A-02-20
NA-O;O-A-02;O-A-02-21
NA-O;O-C-02;O-C-02-0
NA-O;O-C-02;O-C-02-01
NA-O;O-C-02;O-C-02-02
NA-O;O-C-02;O-C-02-03
NA-O;O-C-02;O-C-02-04
NA-O;O-C-02;O-C-02-05
NA-O;O-C-02;O-C-02-06
NA-O;O-C-02;O-C-02-07
NA-O;O-C-02;O-C-02-08
NA-O;O-C-02;O-C-02-09
NA-O;O-M-02;O-M-02-0
NA-O;O-M-02;O-M-02-01
NA-O;O-M-02;O-M-02-02
NA-O;O-M-02;O-M-02-03
NA-O;O-M-02;O-M-02-04
NA-O;O-C-03;O-C-03-0
NA-O;O-C-03;O-C-03-01
NA-O;O-C-03;O-C-03-02
NA-S;S-0-0;S-0-0-0
NA-S;S-A-01;S-A-01-0
NA-S;S-A-01;S-A-01-01
NA-S;S-A-01;S-A-01-02
NA-S;S-C-01;S-C-01-0
NA-S;S-C-01;S-C-01-01
NA-S;S-C-01;S-C-01-02
NA-S;S-M-01;S-M-01-0
NA-S;S-M-01;S-M-01-01
NA-S;S-C-02;S-C-02-0
NA-S;S-C-02;S-C-02-01
NA-S;S-C-02;S-C-02-02
NA-S;S-C-02;S-C-02-03
NA-S;S-C-02;S-C-02-04
NA-S;S-C-02;S-C-02-05
NA-S;S-M-02;S-M-02-0
NA-S;S-M-02;S-M-02-01
NA-S;S-C-03;S-C-03-0
NA-S;S-C-03;S-C-03-01
NA-S;S-M-03;S-M-03-0
NA-S;S-M-03;S-M-03-01
NA-S;S-C-04;S-C-04-0
NA-S;S-C-04;S-C-04-01
NA-S;S-C-04;S-C-04-02
NA-S;S-C-05;S-C-05-0
NA-S;S-C-05;S-C-05-01
NA-S;S-C-06;S-C-06-0
NA-S;S-C-06;S-C-06-01
NA-S;S-C-06;S-C-06-02
NA-S;S-C-07;S-C-07-0
NA-S;S-C-07;S-C-07-01
NA-S;S-C-07;S-C-07-02
NA-T;T-0-0;T-0-0-0
NA-T;T-A-01;T-A-01-0
NA-T;T-A-01;T-A-01-01
NA-T;T-A-01;T-A-01-02
NA-T;T-A-01;T-A-01-03
NA-T;T-A-01;T-A-01-04
NA-T;T-A-01;T-A-01-05
NA-T;T-A-01;T-A-01-06
NA-T;T-A-01;T-A-01-07
NA-T;T-A-01;T-A-01-08
NA-T;T-A-01;T-A-01-09
NA-T;T-A-01;T-A-01-10
NA-T;T-A-01;T-A-01-11
NA-T;T-A-01;T-A-01-12
NA-T;T-A-01;T-A-01-13
NA-T;T-A-01;T-A-01-14
NA-T;T-A-01;T-A-01-15
NA-T;T-A-01;T-A-01-16
NA-T;T-A-01;T-A-01-17
NA-T;T-A-01;T-A-01-18
NA-T;T-A-01;T-A-01-19
NA-T;T-A-01;T-A-01-20
NA-T;T-A-01;T-A-01-21
NA-T;T-A-01;T-A-01-22
NA-T;T-A-01;T-A-01-23
NA-T;T-A-01;T-A-01-24
NA-T;T-A-01;T-A-01-25
NA-T;T-A-01;T-A-01-26
NA-T;T-A-01;T-A-01-27
NA-T;T-A-01;T-A-01-28
NA-T;T-A-01;T-A-01-29
NA-T;T-A-01;T-A-01-30
NA-T;T-A-01;T-A-01-31
NA-T;T-A-01;T-A-01-32
NA-T;T-A-01;T-A-01-33
NA-T;T-A-01;T-A-01-34
NA-T;T-A-01;T-A-01-35
NA-T;T-A-01;T-A-01-36
NA-T;T-A-01;T-A-01-37
NA-T;T-A-01;T-A-01-38
NA-T;T-A-01;T-A-01-39
NA-T;T-A-01;T-A-01-40
NA-T;T-A-01;T-A-01-41
NA-T;T-A-01;T-A-01-42
NA-T;T-A-01;T-A-01-43
NA-T;T-A-01;T-A-01-44
NA-T;T-A-01;T-A-01-45
NA-T;T-A-01;T-A-01-46
NA-T;T-A-01;T-A-01-47
NA-T;T-A-01;T-A-01-48
NA-T;T-A-01;T-A-01-49
NA-T;T-A-01;T-A-01-50
NA-T;T-A-01;T-A-01-51
NA-T;T-A-01;T-A-01-52
NA-T;T-A-01;T-A-01-53
NA-T;T-A-01;T-A-01-54
NA-T;T-A-01;T-A-01-55
NA-T;T-A-01;T-A-01-56
NA-T;T-A-01;T-A-01-57
NA-T;T-A-01;T-A-01-58
NA-T;T-A-01;T-A-01-59
NA-T;T-A-01;T-A-01-60
NA-T;T-A-01;T-A-01-61
NA-T;T-A-01;T-A-01-62
NA-T;T-A-01;T-A-01-63
NA-T;T-A-01;T-A-01-64
NA-T;T-A-01;T-A-01-65
NA-T;T-A-01;T-A-01-66
NA-T;T-A-01;T-A-01-67
NA-T;T-A-01;T-A-01-68
NA-T;T-A-01;T-A-01-69
NA-T;T-A-01;T-A-01-70
NA-T;T-A-01;T-A-01-71
NA-T;T-A-01;T-A-01-72
NA-T;T-A-01;T-A-01-73
NA-T;T-A-01;T-A-01-74
NA-T;T-A-01;T-A-01-75
NA-T;T-A-01;T-A-01-76
NA-T;T-A-01;T-A-01-77
NA-T;T-A-01;T-A-01-78
NA-T;T-A-01;T-A-01-79
NA-T;T-A-01;T-A-01-80
NA-T;T-A-01;T-A-01-81
NA-T;T-B-01;T-B-01-0
NA-T;T-B-01;T-B-01-01
NA-T;T-B-01;T-B-01-02
NA-T;T-B-01;T-B-01-03
NA-T;T-B-01;T-B-01-04
NA-T;T-B-01;T-B-01-05
NA-T;T-B-01;T-B-01-06
NA-T;T-B-01;T-B-01-07
NA-T;T-B-01;T-B-01-08
NA-T;T-B-01;T-B-01-09
NA-T;T-B-01;T-B-01-10
NA-T;T-B-01;T-B-01-11
NA-T;T-B-01;T-B-01-12
NA-T;T-B-01;T-B-01-13
NA-T;T-B-01;T-B-01-14
NA-T;T-B-01;T-B-01-15
NA-T;T-B-01;T-B-01-16
NA-T;T-B-01;T-B-01-17
NA-T;T-B-01;T-B-01-18
NA-T;T-C-01;T-C-01-0
NA-T;T-C-01;T-C-01-01
NA-T;T-C-01;T-C-01-02
NA-T;T-C-01;T-C-01-03
NA-T;T-C-01;T-C-01-04
NA-T;T-C-01;T-C-01-05
NA-T;T-C-01;T-C-01-06
NA-T;T-D-01;T-D-01-0
NA-T;T-D-01;T-D-01-01
NA-T;T-D-01;T-D-01-02
NA-T;T-D-01;T-D-01-03
NA-T;T-D-01;T-D-01-04
NA-T;T-D-01;T-D-01-05
NA-T;T-D-01;T-D-01-06
NA-T;T-D-01;T-D-01-07
NA-T;T-D-01;T-D-01-08
NA-T;T-D-01;T-D-01-09
NA-T;T-D-01;T-D-01-10
NA-T;T-D-01;T-D-01-11
NA-T;T-D-01;T-D-01-12
NA-T;T-E-01;T-E-01-0
NA-T;T-E-01;T-E-01-01
NA-T;T-E-01;T-E-01-02
NA-T;T-E-01;T-E-01-03
NA-T;T-E-01;T-E-01-04
NA-T;T-E-01;T-E-01-05
NA-T;T-E-01;T-E-01-06
NA-T;T-E-01;T-E-01-07
NA-T;T-E-01;T-E-01-08
NA-T;T-E-01;T-E-01-09
NA-T;T-F-01;T-F-01-0
NA-T;T-F-01;T-F-01-01
NA-T;T-F-01;T-F-01-02
NA-T;T-G-01;T-G-01-0
NA-T;T-G-01;T-G-01-01
NA-T;T-G-01;T-G-01-02
NA-T;T-G-01;T-G-01-03
NA-T;T-G-01;T-G-01-04
NA-T;T-G-01;T-G-01-05
NA-T;T-G-01;T-G-01-06
NA-T;T-G-01;T-G-01-07
NA-T;T-G-01;T-G-01-08
NA-T;T-G-01;T-G-01-09
NA-T;T-G-01;T-G-01-10
NA-T;T-G-01;T-G-01-11
NA-T;T-G-01;T-G-01-12
NA-T;T-G-01;T-G-01-13
NA-T;T-G-01;T-G-01-14
NA-T;T-G-01;T-G-01-15
NA-T;T-G-01;T-G-01-16
NA-T;T-G-01;T-G-01-17
NA-T;T-G-01;T-G-01-18
NA-T;T-G-01;T-G-01-19
NA-T;T-G-01;T-G-01-20
NA-T;T-G-01;T-G-01-21
NA-T;T-G-01;T-G-01-22
NA-T;T-G-01;T-G-01-23
NA-T;T-G-01;T-G-01-24
NA-T;T-G-01;T-G-01-25
NA-T;T-G-01;T-G-01-26
NA-T;T-G-01;T-G-01-27
NA-T;T-G-01;T-G-01-28
NA-T;T-G-01;T-G-01-29
NA-T;T-G-01;T-G-01-30
NA-T;T-G-01;T-G-01-31
NA-T;T-G-01;T-G-01-32
NA-T;T-G-01;T-G-01-33
NA-T;T-G-01;T-G-01-34
NA-T;T-G-01;T-G-01-35
NA-T;T-G-01;T-G-01-36
NA-T;T-G-01;T-G-01-37
NA-T;T-G-01;T-G-01-38
NA-T;T-G-01;T-G-01-39
NA-T;T-G-01;T-G-01-40
NA-T;T-G-01;T-G-01-41
NA-T;T-G-01;T-G-01-42
NA-T;T-G-01;T-G-01-43
NA-T;T-G-01;T-G-01-44
NA-T;T-G-01;T-G-01-45
NA-T;T-G-01;T-G-01-46
NA-T;T-G-01;T-G-01-47
NA-T;T-G-01;T-G-01-48
NA-T;T-G-01;T-G-01-49
NA-T;T-G-01;T-G-01-50
NA-T;T-G-01;T-G-01-51
NA-T;T-H-01;T-H-01-0
NA-T;T-H-01;T-H-01-01
NA-T;T-H-01;T-H-01-02
NA-T;T-H-01;T-H-01-03
NA-T;T-H-01;T-H-01-04
NA-T;T-H-01;T-H-01-05
NA-T;T-H-01;T-H-01-06
NA-T;T-H-01;T-H-01-07
NA-T;T-H-01;T-H-01-08
NA-T;T-H-01;T-H-01-09
NA-T;T-H-01;T-H-01-10
NA-T;T-H-01;T-H-01-11
NA-T;T-H-01;T-H-01-12
NA-T;T-H-01;T-H-01-13
NA-T;T-H-01;T-H-01-14
NA-T;T-I-01;T-I-01-0
NA-T;T-I-01;T-I-01-01
NA-T;T-I-01;T-I-01-02
NA-T;T-I-01;T-I-01-03
NA-T;T-I-01;T-I-01-04
NA-T;T-I-01;T-I-01-05
NA-T;T-I-01;T-I-01-06
NA-T;T-I-01;T-I-01-07
NA-T;T-I-01;T-I-01-08
NA-T;T-I-01;T-I-01-09
NA-T;T-I-01;T-I-01-10
NA-T;T-K-01;T-K-01-0
NA-T;T-K-01;T-K-01-01
NA-T;T-K-01;T-K-01-02
NA-T;T-K-01;T-K-01-03
NA-T;T-K-01;T-K-01-04
NA-T;T-K-01;T-K-01-05
NA-T;T-K-01;T-K-01-06
NA-T;T-K-01;T-K-01-07
NA-T;T-K-01;T-K-01-08
NA-T;T-K-01;T-K-01-09
NA-T;T-K-01;T-K-01-10
NA-T;T-K-01;T-K-01-11
NA-T;T-K-01;T-K-01-12
NA-T;T-K-01;T-K-01-13
NA-T;T-K-01;T-K-01-14
NA-T;T-K-01;T-K-01-15
NA-T;T-K-01;T-K-01-16
NA-T;T-K-01;T-K-01-17
NA-T;T-K-01;T-K-01-18
NA-T;T-K-01;T-K-01-19
NA-T;T-K-01;T-K-01-20
NA-T;T-K-01;T-K-01-21
NA-T;T-K-01;T-K-01-22
NA-T;T-K-01;T-K-01-23
NA-T;T-K-01;T-K-01-24
NA-T;T-K-01;T-K-01-25
NA-T;T-K-01;T-K-01-26
NA-T;T-K-01;T-K-01-27
NA-T;T-L-01;T-L-01-0
NA-T;T-L-01;T-L-01-01
NA-T;T-L-01;T-L-01-02
NA-T;T-L-01;T-L-01-03
NA-T;T-L-01;T-L-01-04
NA-T;T-L-01;T-L-01-05
NA-T;T-L-01;T-L-01-06
NA-T;T-L-01;T-L-01-07
NA-T;T-L-01;T-L-01-08
NA-T;T-M-01;T-M-01-0
NA-T;T-M-01;T-M-01-01
NA-T;T-M-01;T-M-01-02
NA-T;T-M-01;T-M-01-03
NA-T;T-N-01;T-N-01-0
NA-T;T-N-01;T-N-01-01
NA-T;T-O-01;T-O-01-0
NA-T;T-O-01;T-O-01-01
NA-T;T-A-02;T-A-02-0
NA-T;T-A-02;T-A-02-01
NA-T;T-A-02;T-A-02-02
NA-T;T-A-02;T-A-02-03
NA-T;T-A-02;T-A-02-04
NA-T;T-A-02;T-A-02-05
NA-T;T-A-02;T-A-02-06
NA-T;T-A-02;T-A-02-07
NA-T;T-A-02;T-A-02-08
NA-T;T-A-02;T-A-02-09
NA-T;T-C-02;T-C-02-0
NA-T;T-C-02;T-C-02-01
NA-T;T-C-02;T-C-02-02
NA-T;T-C-02;T-C-02-03
NA-T;T-C-02;T-C-02-04
NA-T;T-C-02;T-C-02-05
NA-T;T-C-02;T-C-02-06
NA-T;T-C-02;T-C-02-07
NA-T;T-C-02;T-C-02-08
NA-T;T-C-02;T-C-02-09
NA-T;T-D-02;T-D-02-0
NA-T;T-D-02;T-D-02-01
NA-T;T-D-02;T-D-02-02
NA-T;T-E-02;T-E-02-0
NA-T;T-E-02;T-E-02-01
NA-T;T-E-02;T-E-02-02
NA-T;T-E-02;T-E-02-03
NA-T;T-F-02;T-F-02-0
NA-T;T-F-02;T-F-02-01
NA-T;T-F-02;T-F-02-02
NA-T;T-F-02;T-F-02-03
NA-T;T-F-02;T-F-02-04
NA-T;T-F-02;T-F-02-05
NA-T;T-F-02;T-F-02-06
NA-T;T-K-02;T-K-02-0
NA-T;T-K-02;T-K-02-01
NA-T;T-K-02;T-K-02-02
NA-T;T-K-02;T-K-02-03
NA-T;T-M-02;T-M-02-0
NA-T;T-M-02;T-M-02-01
NA-T;T-M-02;T-M-02-02
NA-T;T-N-02;T-N-02-0
NA-T;T-N-02;T-N-02-01
NA-T;T-O-02;T-O-02-0
NA-T;T-O-02;T-O-02-01
NA-T;T-A-03;T-A-03-0
NA-T;T-A-03;T-A-03-01
NA-T;T-A-03;T-A-03-02
NA-T;T-A-03;T-A-03-03
NA-T;T-A-03;T-A-03-04
NA-T;T-A-03;T-A-03-05
NA-T;T-A-03;T-A-03-06
NA-T;T-A-03;T-A-03-07
NA-T;T-A-03;T-A-03-08
NA-T;T-A-03;T-A-03-09
NA-T;T-A-03;T-A-03-10
NA-T;T-A-03;T-A-03-11
NA-T;T-A-03;T-A-03-12
NA-T;T-A-03;T-A-03-13
NA-T;T-A-03;T-A-03-14
NA-T;T-A-03;T-A-03-15
NA-T;T-A-03;T-A-03-16
NA-T;T-C-03;T-C-03-0
NA-T;T-C-03;T-C-03-01
NA-T;T-C-03;T-C-03-02
NA-T;T-C-03;T-C-03-03
NA-T;T-C-03;T-C-03-04
NA-T;T-C-03;T-C-03-05
NA-T;T-C-03;T-C-03-06
NA-T;T-C-03;T-C-03-07
NA-T;T-C-03;T-C-03-08
NA-T;T-C-03;T-C-03-09
NA-T;T-C-03;T-C-03-10
NA-T;T-C-03;T-C-03-11
NA-T;T-D-03;T-D-03-0
NA-T;T-D-03;T-D-03-01
NA-T;T-D-03;T-D-03-02
NA-T;T-D-03;T-D-03-03
NA-T;T-D-03;T-D-03-04
NA-T;T-D-03;T-D-03-05
NA-T;T-D-03;T-D-03-06
NA-T;T-E-03;T-E-03-0
NA-T;T-E-03;T-E-03-01
NA-T;T-E-03;T-E-03-02
NA-T;T-E-03;T-E-03-03
NA-T;T-E-03;T-E-03-04
NA-T;T-E-03;T-E-03-05
NA-T;T-E-03;T-E-03-06
NA-T;T-K-03;T-K-03-0
NA-T;T-K-03;T-K-03-01
NA-T;T-K-03;T-K-03-02
NA-T;T-K-03;T-K-03-03
NA-T;T-K-03;T-K-03-04
NA-T;T-K-03;T-K-03-05
NA-T;T-K-03;T-K-03-06
NA-T;T-K-03;T-K-03-07
NA-T;T-K-03;T-K-03-08
NA-T;T-M-03;T-M-03-0
NA-T;T-M-03;T-M-03-01
NA-T;T-M-03;T-M-03-02
NA-T;T-M-03;T-M-03-03
NA-T;T-M-03;T-M-03-04
NA-T;T-M-03;T-M-03-05
NA-T;T-M-03;T-M-03-06
NA-T;T-M-03;T-M-03-07
NA-T;T-M-03;T-M-03-08
NA-T;T-M-03;T-M-03-09
NA-T;T-M-03;T-M-03-10
NA-T;T-N-03;T-N-03-0
NA-T;T-N-03;T-N-03-01
NA-T;T-O-03;T-O-03-0
NA-T;T-O-03;T-O-03-01
NA-T;T-O-03;T-O-03-02
NA-T;T-O-03;T-O-03-03
NA-T;T-O-03;T-O-03-04
NA-T;T-A-04;T-A-04-0
NA-T;T-A-04;T-A-04-01
NA-T;T-A-04;T-A-04-02
NA-T;T-A-04;T-A-04-03
NA-T;T-C-04;T-C-04-0
NA-T;T-C-04;T-C-04-01
NA-T;T-C-04;T-C-04-02
NA-T;T-D-04;T-D-04-0
NA-T;T-D-04;T-D-04-01
NA-T;T-D-04;T-D-04-02
NA-T;T-D-04;T-D-04-03
NA-T;T-D-04;T-D-04-04
NA-T;T-D-04;T-D-04-05
NA-T;T-E-04;T-E-04-0
NA-T;T-E-04;T-E-04-01
NA-T;T-E-04;T-E-04-02
NA-T;T-M-04;T-M-04-0
NA-T;T-M-04;T-M-04-01
NA-T;T-M-04;T-M-04-02
NA-T;T-O-04;T-O-04-0
NA-T;T-O-04;T-O-04-01
NA-T;T-O-04;T-O-04-02
NA-T;T-O-04;T-O-04-03
NA-T;T-C-05;T-C-05-0
NA-T;T-C-05;T-C-05-01
NA-T;T-C-05;T-C-05-02
NA-T;T-C-05;T-C-05-03
NA-T;T-C-05;T-C-05-04
NA-T;T-C-05;T-C-05-05
NA-T;T-C-05;T-C-05-06
NA-T;T-D-05;T-D-05-0
NA-T;T-D-05;T-D-05-01
NA-T;T-D-05;T-D-05-02
NA-T;T-E-05;T-E-05-0
NA-T;T-E-05;T-E-05-01
NA-T;T-E-05;T-E-05-02
NA-T;T-E-05;T-E-05-03
NA-T;T-E-05;T-E-05-04
NA-T;T-E-05;T-E-05-05
NA-T;T-E-05;T-E-05-06
NA-T;T-E-05;T-E-05-07
NA-T;T-E-05;T-E-05-08
NA-T;T-E-05;T-E-05-09
NA-T;T-E-05;T-E-05-10
NA-T;T-M-05;T-M-05-0
NA-T;T-M-05;T-M-05-01
NA-T;T-M-05;T-M-05-02
NA-T;T-C-06;T-C-06-0
NA-T;T-C-06;T-C-06-01
NA-T;T-C-06;T-C-06-02
NA-T;T-C-06;T-C-06-03
NA-T;T-C-06;T-C-06-04
NA-T;T-D-06;T-D-06-0
NA-T;T-D-06;T-D-06-01
NA-T;T-D-06;T-D-06-02
NA-T;T-D-06;T-D-06-03
NA-T;T-D-06;T-D-06-04
NA-T;T-D-06;T-D-06-05
NA-T;T-E-06;T-E-06-0
NA-T;T-E-06;T-E-06-01
NA-T;T-E-06;T-E-06-02
NA-T;T-E-06;T-E-06-03
NA-T;T-E-06;T-E-06-04
NA-T;T-E-06;T-E-06-05
NA-T;T-M-06;T-M-06-0
NA-T;T-M-06;T-M-06-01
NA-T;T-M-06;T-M-06-02
NA-T;T-M-06;T-M-06-03
NA-T;T-C-07;T-C-07-0
NA-T;T-C-07;T-C-07-01
NA-T;T-E-07;T-E-07-0
NA-T;T-E-07;T-E-07-01
NA-T;T-C-08;T-C-08-0
NA-T;T-C-08;T-C-08-01
NA-T;T-C-08;T-C-08-02
NA-T;T-C-08;T-C-08-03
NA-T;T-C-08;T-C-08-04
NA-T;T-C-08;T-C-08-05
NA-T;T-C-08;T-C-08-06
NA-T;T-C-08;T-C-08-07
NA-T;T-C-08;T-C-08-08
NA-T;T-C-08;T-C-08-09
NA-T;T-C-08;T-C-08-10
NA-T;T-C-08;T-C-08-11
NA-T;T-E-08;T-E-08-0
NA-T;T-E-08;T-E-08-01
NA-T;T-E-08;T-E-08-02
NA-T;T-E-08;T-E-08-03
NA-T;T-E-08;T-E-08-04
NA-T;T-E-09;T-E-09-0
NA-T;T-E-09;T-E-09-01
NA-T;T-E-09;T-E-09-02
NA-T;T-E-09;T-E-09-03
NA-V;V-0-0;V-0-0-0
NA-V;V-A-01;V-A-01-0
NA-V;V-A-01;V-A-01-01
NA-V;V-A-01;V-A-01-02
NA-V;V-A-01;V-A-01-03
NA-V;V-A-01;V-A-01-04
NA-V;V-A-01;V-A-01-05
NA-V;V-A-01;V-A-01-06
NA-V;V-A-01;V-A-01-07
NA-V;V-A-01;V-A-01-08
NA-V;V-A-01;V-A-01-09
NA-V;V-A-01;V-A-01-10
NA-V;V-A-01;V-A-01-11
NA-V;V-A-01;V-A-01-12
NA-V;V-A-01;V-A-01-13
NA-V;V-A-01;V-A-01-14
NA-V;V-A-01;V-A-01-15
NA-V;V-A-01;V-A-01-16
NA-V;V-A-01;V-A-01-17
NA-V;V-A-01;V-A-01-18
NA-V;V-A-01;V-A-01-19
NA-V;V-A-01;V-A-01-20
NA-V;V-A-01;V-A-01-21
NA-V;V-A-01;V-A-01-22
NA-V;V-A-01;V-A-01-23
NA-V;V-A-01;V-A-01-24
NA-V;V-A-01;V-A-01-25
NA-V;V-A-01;V-A-01-26
NA-V;V-A-01;V-A-01-27
NA-V;V-A-01;V-A-01-28
NA-V;V-A-01;V-A-01-29
NA-V;V-A-01;V-A-01-30
NA-V;V-A-01;V-A-01-31
NA-V;V-A-01;V-A-01-32
NA-V;V-B-01;V-B-01-0
NA-V;V-B-01;V-B-01-01
NA-V;V-B-01;V-B-01-02
NA-V;V-B-01;V-B-01-03
NA-V;V-B-01;V-B-01-04
NA-V;V-B-01;V-B-01-05
NA-V;V-B-01;V-B-01-06
NA-V;V-B-01;V-B-01-07
NA-V;V-B-01;V-B-01-08
NA-V;V-B-01;V-B-01-09
NA-V;V-B-01;V-B-01-10
NA-V;V-B-01;V-B-01-11
NA-V;V-C-01;V-C-01-0
NA-V;V-C-01;V-C-01-01
NA-V;V-C-01;V-C-01-02
NA-V;V-C-01;V-C-01-03
NA-V;V-C-01;V-C-01-04
NA-V;V-C-01;V-C-01-05
NA-V;V-C-01;V-C-01-06
NA-V;V-C-01;V-C-01-07
NA-V;V-C-01;V-C-01-08
NA-V;V-E-01;V-E-01-0
NA-V;V-E-01;V-E-01-01
NA-V;V-E-01;V-E-01-02
NA-V;V-F-01;V-F-01-0
NA-V;V-F-01;V-F-01-01
NA-V;V-G-01;V-G-01-0
NA-V;V-G-01;V-G-01-01
NA-V;V-G-01;V-G-01-02
NA-V;V-G-01;V-G-01-03
NA-V;V-I-01;V-I-01-0
NA-V;V-I-01;V-I-01-01
NA-V;V-I-01;V-I-01-02
NA-V;V-I-01;V-I-01-03
NA-V;V-I-01;V-I-01-04
NA-V;V-K-01;V-K-01-0
NA-V;V-K-01;V-K-01-01
NA-V;V-K-01;V-K-01-02
NA-V;V-K-01;V-K-01-03
NA-V;V-M-01;V-M-01-0
NA-V;V-M-01;V-M-01-01
NA-V;V-M-01;V-M-01-02
NA-V;V-M-01;V-M-01-03
NA-V;V-M-01;V-M-01-04
NA-V;V-M-01;V-M-01-05
NA-V;V-M-01;V-M-01-06
NA-V;V-O-01;V-O-01-0
NA-V;V-O-01;V-O-01-01
NA-V;V-C-02;V-C-02-0
NA-V;V-C-02;V-C-02-01
NA-V;V-C-02;V-C-02-02
NA-V;V-C-02;V-C-02-03
NA-V;V-C-02;V-C-02-04
NA-V;V-C-02;V-C-02-05
NA-V;V-F-02;V-F-02-0
NA-V;V-F-02;V-F-02-01
NA-V;V-F-02;V-F-02-02
NA-V;V-F-02;V-F-02-03
NA-V;V-G-02;V-G-02-0
NA-V;V-G-02;V-G-02-01
NA-V;V-G-02;V-G-02-02
NA-V;V-G-02;V-G-02-03
NA-V;V-K-02;V-K-02-0
NA-V;V-K-02;V-K-02-01
NA-V;V-K-02;V-K-02-02
NA-V;V-K-02;V-K-02-03
NA-V;V-K-02;V-K-02-04
NA-V;V-M-02;V-M-02-0
NA-V;V-M-02;V-M-02-01
NA-V;V-C-03;V-C-03-0
NA-V;V-C-03;V-C-03-01
NA-V;V-C-03;V-C-03-02
NA-V;V-C-03;V-C-03-03
NA-V;V-C-03;V-C-03-04
NA-V;V-C-03;V-C-03-05
NA-V;V-M-03;V-M-03-0
NA-V;V-M-03;V-M-03-01
NA-V;V-C-04;V-C-04-0
NA-V;V-C-04;V-C-04-01
NA-V;V-C-04;V-C-04-02
NA-V;V-C-04;V-C-04-03
NA-V;V-C-04;V-C-04-04
NA-V;V-C-04;V-C-04-05
NA-V;V-C-04;V-C-04-06
NA-V;V-C-04;V-C-04-07
NA-V;V-C-04;V-C-04-08
NA-V;V-C-04;V-C-04-09
NA-V;V-C-04;V-C-04-10
NA-V;V-C-04;V-C-04-11
NA-V;V-C-04;V-C-04-12
NA-V;V-C-04;V-C-04-13
NA-V;V-C-04;V-C-04-14
NA-V;V-M-04;V-M-04-0
NA-V;V-M-04;V-M-04-01
NA-V;V-C-05;V-C-05-0
NA-V;V-C-05;V-C-05-01
NA-V;V-C-05;V-C-05-02
NA-V;V-C-05;V-C-05-03
NA-V;V-C-05;V-C-05-04
NA-V;V-C-05;V-C-05-05
NA-V;V-M-05;V-M-05-0
NA-V;V-M-05;V-M-05-01
NA-V;V-M-06;V-M-06-0
NA-V;V-M-06;V-M-06-01
NK-0;0-C-01;0-C-01-0
NK-0;0-D-01;0-D-01-0
NK-0;0-E-01;0-E-01-0
NK-0;0-C-02;0-C-02-0
NK-0;0-D-02;0-D-02-0
NK-0;0-E-02;0-E-02-0
NK-0;0-C-03;0-C-03-0
NK-0;0-D-03;0-D-03-0
NK-0;0-E-03;0-E-03-0
NK-0;0-C-04;0-C-04-0
NK-0;0-C-05;0-C-05-0
NK-0;0-C-06;0-C-06-0
NK-0;0-C-07;0-C-07-0
NK-0;0-C-08;0-C-08-0
NK-C;C-0-0;C-0-0-0
NK-D;D-0-0;D-0-0-0
NK-E;E-0-0;E-0-0-0
TM-A;A-0-0;A-0-0-0
TM-A;A-0-01;A-0-01-0
TM-A;A-0-02;A-0-02-0
TM-B;B-0-0;B-0-0-0
TM-B;B-0-01;B-0-01-0
TM-B;B-0-02;B-0-02-0
TM-B;B-0-03;B-0-03-0
TM-B;B-0-04;B-0-04-0
TM-B;B-0-05;B-0-05-0
TM-C;C-0-0;C-0-0-0
TM-C;C-0-01;C-0-01-0
TM-D;D-0-0;D-0-0-0
TM-D;D-0-01;D-0-01-0
TM-D;D-0-02;D-0-02-0
TM-D;D-0-03;D-0-03-0
TM-E;E-0-0;E-0-0-0
TM-E;E-0-01;E-0-01-0
TM-E;E-0-02;E-0-02-0
TM-E;E-0-03;E-0-03-0
TM-F;F-0-0;F-0-0-0
TM-F;F-0-01;F-0-01-0
TM-G;G-0-0;G-0-0-0
TM-G;G-0-01;G-0-01-0
TM-H;H-0-0;H-0-0-0
TM-H;H-0-01;H-0-01-0
TM-H;H-0-02;H-0-02-0
TM-H;H-0-03;H-0-03-0
TM-H;H-0-04;H-0-04-0
TM-H;H-0-05;H-0-05-0
TM-H;H-0-06;H-0-06-0
