M005-kode;grunntype_kode
NiN-3.0-T-C-PE-NA-MB-MA01-M005-01;I-0-03-026
NiN-3.0-T-C-PE-NA-MB-MA01-M005-01;I-0-03-027
NiN-3.0-T-C-PE-NA-MB-MA01-M005-01;I-0-03-028
NiN-3.0-T-C-PE-NA-MB-MA01-M005-02;I-0-03-029
NiN-3.0-T-C-PE-NA-MB-MA01-M005-02;I-0-03-030
NiN-3.0-T-C-PE-NA-MB-MA01-M005-02;I-0-03-031
NiN-3.0-T-C-PE-NA-MB-MA01-M005-03;I-0-03-032
NiN-3.0-T-C-PE-NA-MB-MA01-M005-03;I-0-03-033
NiN-3.0-T-C-PE-NA-MB-MA01-M005-03;I-0-03-034
NiN-3.0-T-C-PE-NA-MB-MA01-M005-04;I-0-03-035
NiN-3.0-T-C-PE-NA-MB-MA01-M005-01;I-0-03-036
NiN-3.0-T-C-PE-NA-MB-MA01-M005-01;K-0---0
NiN-3.0-T-C-PE-NA-MB-MA01-M005-02;K-0-01-0
NiN-3.0-T-C-PE-NA-MB-MA02-M005-01;K-0-02-002
NiN-3.0-T-C-PE-NA-MB-MA02-M005-02;K-0-02-003
NiN-3.0-T-C-PE-NA-MB-MA02-M005-03;K-0-02-004
NiN-3.0-T-C-PE-NA-MB-MA02-M005-04;K-0-02-005
NiN-3.0-T-C-PE-NA-MB-MA02-M005-05;K-0-02-006
NiN-3.0-T-C-PE-NA-MB-MA02-M005-06;K-0-02-007
NiN-3.0-T-C-PE-NA-MB-MA02-M005-07;K-0-02-008
NiN-3.0-T-C-PE-NA-MB-MA02-M005-08;K-0-02-009
NiN-3.0-T-C-PE-NA-MB-MA02-M005-09;K-0-02-010
NiN-3.0-T-C-PE-NA-MB-MA02-M005-10;K-0-02-011
NiN-3.0-T-C-PE-NA-MB-MA02-M005-11;K-0-02-012
NiN-3.0-T-C-PE-NA-MB-MA02-M005-01;K-0-02-013
NiN-3.0-T-C-PE-NA-MB-MA02-M005-09;K-0-02-014
NiN-3.0-T-C-PE-NA-MB-MA02-M005-12;K-0-02-018
NiN-3.0-T-C-PE-NA-MB-MA02-M005-13;K-0-02-019
NiN-3.0-T-C-PE-NA-MB-MA02-M005-14;K-0-02-020
NiN-3.0-T-C-PE-NA-MB-MA03-M005-01;K-0-02-023
NiN-3.0-T-C-PE-NA-MB-MA03-M005-02;K-0-02-024
NiN-3.0-T-C-PE-NA-MB-MA03-M005-03;K-0-02-025
NiN-3.0-T-C-PE-NA-MB-MA03-M005-04;K-0-02-026
NiN-3.0-T-C-PE-NA-MB-MA03-M005-05;K-0-03-0
NiN-3.0-T-C-PE-NA-MB-MA03-M005-06;K-0-03-001
NiN-3.0-T-C-PE-NA-MB-MA03-M005-07;K-0-03-002
NiN-3.0-T-C-PE-NA-MB-MA03-M005-08;K-0-03-003
NiN-3.0-T-C-PE-NA-MB-MA03-M005-09;K-0-03-004
NiN-3.0-T-C-PE-NA-MB-MA03-M005-10;K-0-03-005
NiN-3.0-T-C-PE-NA-MB-MA03-M005-11;K-0-03-006
NiN-3.0-T-C-PE-NA-MB-MA04-M005-01;K-0-03-008
NiN-3.0-T-C-PE-NA-MB-MA04-M005-02;K-0-03-009
NiN-3.0-T-C-PE-NA-MB-MA04-M005-03;K-0-03-010
NiN-3.0-T-C-PE-NA-MB-MA04-M005-04;K-0-03-011
NiN-3.0-T-C-PE-NA-MB-MA04-M005-05;K-0-03-012
NiN-3.0-T-C-PE-NA-MB-MA04-M005-06;K-0-03-013
NiN-3.0-T-C-PE-NA-MB-MA04-M005-06;K-0-03-014
NiN-3.0-T-C-PE-NA-MB-MA04-M005-07;K-0-03-015
NiN-3.0-T-C-PE-NA-MB-MA04-M005-08;K-0-03-016
NiN-3.0-T-C-PE-NA-MB-MA04-M005-09;K-0-03-017
NiN-3.0-T-C-PE-NA-MB-MA04-M005-10;K-0-03-018
NiN-3.0-T-C-PE-NA-MB-MA04-M005-11;K-0-03-019
NiN-3.0-T-C-PE-NA-MB-MA05-M005-01;K-0-03-021
NiN-3.0-T-C-PE-NA-MB-MA05-M005-02;K-0-03-022
NiN-3.0-T-C-PE-NA-MB-MA05-M005-03;K-0-03-023
NiN-3.0-T-C-PE-NA-MB-MA05-M005-04;K-0-03-024
NiN-3.0-T-C-PE-NA-MB-MA05-M005-05;K-0-03-025
NiN-3.0-T-C-PE-NA-MB-MA05-M005-06;K-0-03-026
NiN-3.0-T-C-PE-NA-MB-MA05-M005-07;K-0-03-027
NiN-3.0-T-C-PE-NA-MB-MA05-M005-08;K-0-03-028
NiN-3.0-T-C-PE-NA-MB-MA05-M005-09;K-0-03-029
NiN-3.0-T-C-PE-NA-MB-MA05-M005-10;K-0-03-030
NiN-3.0-T-C-PE-NA-MB-MA05-M005-11;K-0-03-031
NiN-3.0-T-C-PE-NA-MB-MA05-M005-12;K-0-03-032
NiN-3.0-T-C-PE-NA-MB-MA05-M005-12;K-0-03-033
NiN-3.0-T-C-PE-NA-MB-MA05-M005-13;K-0-03-034
NiN-3.0-T-C-PE-NA-MB-MA05-M005-14;K-0-03-035
NiN-3.0-T-C-PE-NA-MB-MA05-M005-15;K-0-03-036
NiN-3.0-T-C-PE-NA-MB-MA06-M005-01;K-0-03-038
NiN-3.0-T-C-PE-NA-MB-MA06-M005-02;K-0-03-039
NiN-3.0-T-C-PE-NA-MB-MA06-M005-03;K-0-03-040
NiN-3.0-T-C-PE-NA-MB-MA06-M005-04;K-0-03-041
NiN-3.0-T-C-PE-NA-MB-MA06-M005-05;K-0-03-042
NiN-3.0-T-C-PE-NA-MB-MA06-M005-06;K-0-03-043
NiN-3.0-T-C-PE-NA-MB-MA06-M005-07;K-0-03-044
NiN-3.0-T-C-PE-NA-MB-MA06-M005-08;K-0-03-045
NiN-3.0-T-C-PE-NA-MB-MA06-M005-09;K-0-03-046
NiN-3.0-T-C-PE-NA-MB-MA06-M005-10;K-0-03-047
NiN-3.0-T-C-PE-NA-MB-MA06-M005-11;K-0-03-048
NiN-3.0-T-C-PE-NA-MB-MA06-M005-12;K-0-03-049
NiN-3.0-T-C-PE-NA-MB-MA06-M005-13;K-0-03-050
NiN-3.0-T-C-PE-NA-MB-MA06-M005-14;K-0-03-051
NiN-3.0-T-C-PE-NA-MB-MA06-M005-15;K-0-03-052
NiN-3.0-T-C-PE-NA-MB-MA06-M005-16;K-0-03-053
NiN-3.0-T-C-PE-NA-MB-MA06-M005-17;K-0-03-054
NiN-3.0-T-C-PE-NA-MB-MA06-M005-18;K-0-03-055
NiN-3.0-T-C-PE-NA-MB-MA06-M005-19;K-0-03-056
NiN-3.0-T-C-PE-NA-MB-MA06-M005-20;K-0-03-057
NiN-3.0-T-C-PE-NA-MB-MA06-M005-21;K-0-03-058
NiN-3.0-T-C-PE-NA-MB-MA06-M005-22;K-0-03-059
NiN-3.0-T-C-PE-NA-MB-MA06-M005-23;K-0-03-060
NiN-3.0-T-C-PE-NA-MB-MA06-M005-24;K-0-03-061
NiN-3.0-T-C-PE-NA-MB-MA06-M005-25;K-0-03-062
NiN-3.0-T-C-PE-NA-MB-MA06-M005-26;K-0-03-063
NiN-3.0-T-C-PE-NA-MB-MA06-M005-27;M-0---0
NiN-3.0-T-C-PE-NA-MB-MA06-M005-28;M-0-01-0
NiN-3.0-T-C-PE-NA-MB-MA06-M005-29;M-0-02-0
NiN-3.0-T-C-PE-NA-MB-MA06-M005-30;M-0-03-0
NiN-3.0-T-C-PE-NA-MB-MA06-M005-31;F-0-0-0
NiN-3.0-T-C-PE-NA-MB-MB01-M005-01;F-A-01-01
NiN-3.0-T-C-PE-NA-MB-MB01-M005-02;F-A-01-02
NiN-3.0-T-C-PE-NA-MB-MB01-M005-02;F-A-01-03
NiN-3.0-T-C-PE-NA-MB-MB01-M005-03;F-A-01-04
NiN-3.0-T-C-PE-NA-MB-MB01-M005-03;F-A-01-05
NiN-3.0-T-C-PE-NA-MB-MB02-M005-01;F-B-01-0
NiN-3.0-T-C-PE-NA-MB-MB02-M005-01;F-B-01-01
NiN-3.0-T-C-PE-NA-MB-MB03-M005-01;F-B-01-03
NiN-3.0-T-C-PE-NA-MB-MB03-M005-02;F-B-01-04
NiN-3.0-T-C-PE-NA-MB-MC01-M005-01;F-B-01-06
NiN-3.0-T-C-PE-NA-MB-MC01-M005-01;F-B-01-07
NiN-3.0-T-C-PE-NA-MB-MC01-M005-02;F-B-01-08
NiN-3.0-T-C-PE-NA-MB-MC02-M005-01;F-B-01-12
NiN-3.0-T-C-PE-NA-MB-MC02-M005-02;F-B-01-13
NiN-3.0-T-C-PE-NA-MB-MC02-M005-03;F-B-01-14
NiN-3.0-T-C-PE-NA-MB-MC02-M005-04;F-B-01-15
NiN-3.0-T-C-PE-NA-MB-MC02-M005-05;F-B-01-16
NiN-3.0-T-C-PE-NA-MB-MC02-M005-06;F-B-01-17
NiN-3.0-T-C-PE-NA-MB-MC02-M005-07;F-B-01-18
NiN-3.0-T-C-PE-NA-MB-MC02-M005-08;F-C-01-0
NiN-3.0-T-C-PE-NA-MB-MC02-M005-09;F-C-01-01
NiN-3.0-T-C-PE-NA-MB-MC02-M005-06;F-C-01-03
NiN-3.0-T-C-PE-NA-MB-MC03-M005-01;F-M-01-03
NiN-3.0-T-C-PE-NA-MB-MC03-M005-02;F-M-01-04
NiN-3.0-T-C-PE-NA-MB-MC03-M005-03;F-M-01-05
NiN-3.0-T-C-PE-NA-MB-MC03-M005-04;F-M-01-06
NiN-3.0-T-C-PE-NA-MB-MC04-M005-01;F-M-01-08
NiN-3.0-T-C-PE-NA-MB-MC04-M005-02;F-A-02-0
NiN-3.0-T-C-PE-NA-MB-MC04-M005-03;F-A-02-01
NiN-3.0-T-C-PE-NA-MB-MC04-M005-04;F-A-02-02
NiN-3.0-T-C-PE-NA-MB-MC04-M005-05;F-A-02-03
NiN-3.0-T-C-PE-NA-MB-MC04-M005-06;F-A-02-04
NiN-3.0-T-C-PE-NA-MB-MC04-M005-07;F-A-02-05
NiN-3.0-T-C-PE-NA-MB-MC04-M005-08;F-A-02-06
NiN-3.0-T-C-PE-NA-MB-MC04-M005-09;F-A-02-07
NiN-3.0-T-C-PE-NA-MB-MC04-M005-10;F-A-02-08
NiN-3.0-T-C-PE-NA-MB-MC05-M005-01;F-A-02-10
NiN-3.0-T-C-PE-NA-MB-MC05-M005-01;F-A-02-11
NiN-3.0-T-C-PE-NA-MB-MC05-M005-02;F-A-02-12
NiN-3.0-T-C-PE-NA-MB-MC05-M005-02;F-A-02-13
NiN-3.0-T-C-PE-NA-MB-MC05-M005-03;F-A-02-14
NiN-3.0-T-C-PE-NA-MB-MC06-M005-01;F-A-02-16
NiN-3.0-T-C-PE-NA-MB-MC06-M005-02;F-A-02-17
NiN-3.0-T-C-PE-NA-MB-MC06-M005-03;F-B-02-0
NiN-3.0-T-C-PE-NA-MB-MC06-M005-04;F-B-02-01
NiN-3.0-T-C-PE-NA-MB-MC06-M005-05;F-B-02-02
NiN-3.0-T-C-PE-NA-MB-MC07-M005-01;F-B-02-04
NiN-3.0-T-C-PE-NA-MB-MC07-M005-02;F-B-02-05
NiN-3.0-T-C-PE-NA-MB-MC07-M005-03;F-B-02-06
NiN-3.0-T-C-PE-NA-MB-MC08-M005-01;F-B-02-08
NiN-3.0-T-C-PE-NA-MB-MC08-M005-02;F-B-02-09
NiN-3.0-T-C-PE-NA-MB-MC08-M005-03;F-B-02-10
NiN-3.0-T-C-PE-NA-MB-MC08-M005-04;F-B-02-11
NiN-3.0-T-C-PE-NA-MB-MC09-M005-01;F-B-02-13
NiN-3.0-T-C-PE-NA-MB-MC09-M005-02;F-B-02-14
NiN-3.0-T-C-PE-NA-MB-MC10-M005-01;F-B-02-16
NiN-3.0-T-C-PE-NA-MB-MF01-M005-01;F-B-02-18
NiN-3.0-T-C-PE-NA-MB-MF01-M005-02;F-C-02-0
NiN-3.0-T-C-PE-NA-MB-MJ01-M005-01;F-M-02-0
NiN-3.0-T-C-PE-NA-MB-MM01-M005-01;F-M-02-02
NiN-3.0-T-C-PE-NA-MB-MM01-M005-02;F-M-02-03
NiN-3.0-T-C-PE-NA-MB-MM01-M005-03;F-M-02-04
NiN-3.0-T-C-PE-NA-MB-MM01-M005-04;F-B-03-0
NiN-3.0-T-C-PE-NA-MB-MM01-M005-05;F-B-03-01
NiN-3.0-T-C-PE-NA-MB-MM01-M005-06;F-C-03-0
NiN-3.0-T-C-PE-NA-MB-MM02-M005-01;F-C-03-02
NiN-3.0-T-C-PE-NA-MB-MM02-M005-02;F-M-03-0
NiN-3.0-T-C-PE-NA-MB-LA01-M005-01;F-C-04-0
NiN-3.0-T-C-PE-NA-MB-LA01-M005-02;F-C-04-01
NiN-3.0-T-C-PE-NA-MB-LA01-M005-03;F-C-04-02
NiN-3.0-T-C-PE-NA-MB-LA01-M005-04;F-C-04-03
NiN-3.0-T-C-PE-NA-MB-LA01-M005-05;F-C-04-04
NiN-3.0-T-C-PE-NA-MB-LA01-M005-06;F-C-04-05
NiN-3.0-T-C-PE-NA-MB-LA01-M005-07;F-C-04-06
NiN-3.0-T-C-PE-NA-MB-LA01-M005-08;F-M-04-0
NiN-3.0-T-C-PE-NA-MB-LA01-M005-09;F-M-04-01
NiN-3.0-T-C-PE-NA-MB-LA01-M005-10;F-C-05-0
NiN-3.0-T-C-PE-NA-MB-LA01-M005-11;F-C-05-01
NiN-3.0-T-C-PE-NA-MB-LA01-M005-12;F-C-05-02
NiN-3.0-T-C-PE-NA-MB-LA01-M005-13;F-M-05-0
NiN-3.0-T-C-PE-NA-MB-LA02-M005-01;F-M-05-02
NiN-3.0-T-C-PE-NA-MB-LA02-M005-02;I-0-0-0
NiN-3.0-T-C-PE-NA-MB-LA02-M005-03;I-A-01-0
NiN-3.0-T-C-PE-NA-MB-LA02-M005-03;I-A-01-01
NiN-3.0-T-C-PE-NA-MB-LA02-M005-04;I-A-01-02
NiN-3.0-T-C-PE-NA-MB-LA02-M005-04;I-A-01-03
NiN-3.0-T-C-PE-NA-MB-LA02-M005-05;I-A-01-04
NiN-3.0-T-C-PE-NA-MB-LA02-M005-06;L-0-0-0
NiN-3.0-T-C-PE-NA-MB-LA02-M005-07;L-A-01-0
NiN-3.0-T-C-PE-NA-MB-LA02-M005-05;L-A-01-01
NiN-3.0-T-C-PE-NA-MB-LA02-M005-05;L-A-01-02
NiN-3.0-T-C-PE-NA-MB-LA02-M005-06;L-A-01-03
NiN-3.0-T-C-PE-NA-MB-LA02-M005-06;L-A-01-04
NiN-3.0-T-C-PE-NA-MB-LA02-M005-07;L-A-01-05
NiN-3.0-T-C-PE-NA-MB-LA02-M005-08;L-A-01-06
NiN-3.0-T-C-PE-NA-MB-LA02-M005-09;L-A-01-07
NiN-3.0-T-C-PE-NA-MB-LA02-M005-10;L-A-01-08
NiN-3.0-T-C-PE-NA-MB-LA02-M005-08;L-A-01-09
NiN-3.0-T-C-PE-NA-MB-LA02-M005-08;L-A-01-10
NiN-3.0-T-C-PE-NA-MB-LA02-M005-09;L-A-01-11
NiN-3.0-T-C-PE-NA-MB-LA02-M005-09;L-A-01-12
NiN-3.0-T-C-PE-NA-MB-LA02-M005-10;L-A-01-13
NiN-3.0-T-C-PE-NA-MB-LA02-M005-11;L-B-01-0
NiN-3.0-T-C-PE-NA-MB-LA02-M005-12;L-B-01-01
NiN-3.0-T-C-PE-NA-MB-LA02-M005-13;L-B-01-02
NiN-3.0-T-C-PE-NA-MB-LA02-M005-11;L-B-01-03
NiN-3.0-T-C-PE-NA-MB-LA02-M005-11;L-C-01-0
NiN-3.0-T-C-PE-NA-MB-LA02-M005-12;L-C-01-01
NiN-3.0-T-C-PE-NA-MB-LA02-M005-13;L-C-01-02
NiN-3.0-T-C-PE-NA-MB-LA02-M005-13;L-C-01-03
NiN-3.0-T-C-PE-NA-MB-LA02-M005-14;L-C-01-04
NiN-3.0-T-C-PE-NA-MB-LA02-M005-15;L-C-01-05
NiN-3.0-T-C-PE-NA-MB-LA03-M005-01;L-G-01-01
NiN-3.0-T-C-PE-NA-MB-LA03-M005-02;L-G-01-02
NiN-3.0-T-C-PE-NA-MB-LA03-M005-03;L-J-01-0
NiN-3.0-T-C-PE-NA-MB-LA03-M005-04;L-J-01-01
NiN-3.0-T-C-PE-NA-MB-LB01-M005-01;L-M-01-01
NiN-3.0-T-C-PE-NA-MB-LB01-M005-02;L-M-01-02
NiN-3.0-T-C-PE-NA-MB-LB01-M005-03;L-M-01-03
NiN-3.0-T-C-PE-NA-MB-LB02-M005-01;L-M-01-05
NiN-3.0-T-C-PE-NA-MB-LB02-M005-02;L-A-02-0
NiN-3.0-T-C-PE-NA-MB-LB02-M005-03;L-A-02-01
NiN-3.0-T-C-PE-NA-MB-LC01-M005-01;L-A-02-03
NiN-3.0-T-C-PE-NA-MB-LC01-M005-02;L-A-02-04
NiN-3.0-T-C-PE-NA-MB-LC01-M005-03;L-A-02-05
NiN-3.0-T-C-PE-NA-MB-LC01-M005-04;L-A-02-06
NiN-3.0-T-C-PE-NA-MB-LC01-M005-05;L-A-02-07
NiN-3.0-T-C-PE-NA-MB-LC02-M005-01;L-A-02-09
NiN-3.0-T-C-PE-NA-MB-LC02-M005-02;L-A-02-10
NiN-3.0-T-C-PE-NA-MB-LC02-M005-03;L-A-02-11
NiN-3.0-T-C-PE-NA-MB-LC02-M005-04;L-A-02-12
NiN-3.0-T-C-PE-NA-MB-LC03-M005-01;L-A-02-14
NiN-3.0-T-C-PE-NA-MB-LC03-M005-02;L-A-02-15
NiN-3.0-T-C-PE-NA-MB-LC04-M005-01;L-A-02-17
NiN-3.0-T-C-PE-NA-MB-LC04-M005-02;L-A-02-18
NiN-3.0-T-C-PE-NA-MB-LC04-M005-03;L-A-02-19
NiN-3.0-T-C-PE-NA-MB-LC04-M005-04;L-A-02-20
NiN-3.0-T-C-PE-NA-MB-LC04-M005-05;L-A-02-21
NiN-3.0-T-C-PE-NA-MB-LC04-M005-06;L-A-02-22
NiN-3.0-T-C-PE-NA-MB-LC04-M005-07;L-A-02-23
NiN-3.0-T-C-PE-NA-MB-LC05-M005-01;L-A-02-25
NiN-3.0-T-C-PE-NA-MB-LC05-M005-02;L-A-02-26
NiN-3.0-T-C-PE-NA-MB-LC06-M005-01;L-A-02-28
NiN-3.0-T-C-PE-NA-MB-LC06-M005-02;L-A-02-29
NiN-3.0-T-C-PE-NA-MB-LG01-M005-01;L-A-02-31
NiN-3.0-T-C-PE-NA-MB-LG01-M005-01;L-A-02-32
NiN-3.0-T-C-PE-NA-MB-LJ01-M005-01;L-B-02-01
NiN-3.0-T-C-PE-NA-MB-LM01-M005-01;L-B-02-03
NiN-3.0-T-C-PE-NA-MB-LM01-M005-02;L-C-02-0
NiN-3.0-T-C-PE-NA-MB-LM01-M005-03;L-C-02-01
NiN-3.0-T-C-PE-NA-MB-LM01-M005-04;L-C-02-02
NiN-3.0-T-C-PE-NA-MB-LM01-M005-05;L-C-02-03
NiN-3.0-T-C-PE-NA-MB-LM02-M005-01;L-M-02-0
NiN-3.0-T-C-PE-NA-MB-LM02-M005-01;L-M-02-01
NiN-3.0-T-C-PE-NA-MB-LM02-M005-02;L-M-02-02
NiN-3.0-T-C-PE-NA-MB-LM02-M005-02;L-M-02-03
NiN-3.0-T-C-PE-NA-MB-LM03-M005-01;L-A-03-0
NiN-3.0-T-C-PE-NA-MB-LM03-M005-01;L-A-03-01
NiN-3.0-T-C-PE-NA-MB-LM03-M005-02;L-A-03-02
NiN-3.0-T-C-PE-NA-MB-LM03-M005-02;L-A-03-03
NiN-3.0-T-C-PE-NA-MB-LM04-M005-01;L-C-03-0
NiN-3.0-T-C-PE-NA-MB-LM04-M005-01;L-C-03-01
NiN-3.0-T-C-PE-NA-MB-LM04-M005-02;L-C-03-02
NiN-3.0-T-C-PE-NA-MB-LM04-M005-02;L-M-03-0
NiN-3.0-T-C-PE-NA-MB-LM04-M005-03;L-M-03-01
NiN-3.0-T-C-PE-NA-MB-LM05-M005-01;L-M-03-03
NiN-3.0-T-C-PE-NA-MB-LM05-M005-01;L-M-03-04
NiN-3.0-T-C-PE-NA-MB-LM05-M005-02;L-C-04-0
NiN-3.0-T-C-PE-NA-MB-LM05-M005-02;L-C-04-01
NiN-3.0-T-C-PE-NA-MB-LM05-M005-03;L-C-04-02
NiN-3.0-T-C-PE-NA-MB-LM05-M005-03;L-C-04-03
NiN-3.0-T-C-PE-NA-MB-LM05-M005-04;L-C-04-04
NiN-3.0-T-C-PE-NA-MB-OA01-M005-01;L-C-04-07
NiN-3.0-T-C-PE-NA-MB-OA01-M005-01;L-M-04-0
NiN-3.0-T-C-PE-NA-MB-OA01-M005-02;L-M-04-01
NiN-3.0-T-C-PE-NA-MB-OA01-M005-02;L-M-04-02
NiN-3.0-T-C-PE-NA-MB-OA01-M005-03;L-M-04-03
NiN-3.0-T-C-PE-NA-MB-OA01-M005-03;L-M-04-04
NiN-3.0-T-C-PE-NA-MB-OA01-M005-04;L-M-04-05
NiN-3.0-T-C-PE-NA-MB-OA01-M005-04;L-C-05-0
NiN-3.0-T-C-PE-NA-MB-OA01-M005-05;L-C-05-01
NiN-3.0-T-C-PE-NA-MB-OA01-M005-05;L-C-05-02
NiN-3.0-T-C-PE-NA-MB-OA01-M005-06;L-M-05-0
NiN-3.0-T-C-PE-NA-MB-OA01-M005-06;L-M-05-01
NiN-3.0-T-C-PE-NA-MB-OA01-M005-07;L-M-05-02
NiN-3.0-T-C-PE-NA-MB-OA01-M005-07;L-M-05-03
NiN-3.0-T-C-PE-NA-MB-OA01-M005-08;L-M-05-04
NiN-3.0-T-C-PE-NA-MB-OA01-M005-08;L-M-05-05
NiN-3.0-T-C-PE-NA-MB-OA01-M005-09;L-M-05-06
NiN-3.0-T-C-PE-NA-MB-OA01-M005-09;L-M-05-07
NiN-3.0-T-C-PE-NA-MB-OA01-M005-10;L-C-06-0
NiN-3.0-T-C-PE-NA-MB-OA01-M005-10;L-C-06-01
NiN-3.0-T-C-PE-NA-MB-OA01-M005-11;L-C-06-02
NiN-3.0-T-C-PE-NA-MB-OA01-M005-11;M-0-0-0
NiN-3.0-T-C-PE-NA-MB-OA01-M005-12;M-C-10-0
NiN-3.0-T-C-PE-NA-MB-OA01-M005-12;M-C-10-01
NiN-3.0-T-C-PE-NA-MB-OA01-M005-13;M-A-01-0
NiN-3.0-T-C-PE-NA-MB-OA01-M005-13;M-A-01-01
NiN-3.0-T-C-PE-NA-MB-OA01-M005-14;M-A-01-02
NiN-3.0-T-C-PE-NA-MB-OA01-M005-14;M-A-01-03
NiN-3.0-T-C-PE-NA-MB-OA01-M005-15;M-A-01-06
NiN-3.0-T-C-PE-NA-MB-OA01-M005-16;M-A-01-07
NiN-3.0-T-C-PE-NA-MB-OA02-M005-01;M-A-01-09
NiN-3.0-T-C-PE-NA-MB-OA02-M005-01;M-A-01-10
NiN-3.0-T-C-PE-NA-MB-OA02-M005-02;M-A-01-11
NiN-3.0-T-C-PE-NA-MB-OA02-M005-03;M-A-01-12
NiN-3.0-T-C-PE-NA-MB-OA02-M005-04;M-A-01-13
NiN-3.0-T-C-PE-NA-MB-OA02-M005-05;M-A-01-14
NiN-3.0-T-C-PE-NA-MB-OA02-M005-05;M-A-01-15
NiN-3.0-T-C-PE-NA-MB-OA02-M005-06;M-B-01-0
NiN-3.0-T-C-PE-NA-MB-OA02-M005-07;M-B-01-01
NiN-3.0-T-C-PE-NA-MB-OA02-M005-08;M-B-01-02
NiN-3.0-T-C-PE-NA-MB-OA02-M005-09;M-B-01-03
NiN-3.0-T-C-PE-NA-MB-OA02-M005-09;M-B-01-04
NiN-3.0-T-C-PE-NA-MB-OA02-M005-10;M-B-01-05
NiN-3.0-T-C-PE-NA-MB-OA02-M005-11;M-C-01-0
NiN-3.0-T-C-PE-NA-MB-OA02-M005-12;M-C-01-01
NiN-3.0-T-C-PE-NA-MB-OA02-M005-13;M-C-01-02
NiN-3.0-T-C-PE-NA-MB-OA02-M005-14;M-C-01-03
NiN-3.0-T-C-PE-NA-MB-OA02-M005-15;M-C-01-04
NiN-3.0-T-C-PE-NA-MB-OA02-M005-16;M-C-01-05
NiN-3.0-T-C-PE-NA-MB-OA02-M005-17;M-F-01-0
NiN-3.0-T-C-PE-NA-MB-OA02-M005-18;M-F-01-01
NiN-3.0-T-C-PE-NA-MB-OB01-M005-01;M-J-01-0
NiN-3.0-T-C-PE-NA-MB-OB01-M005-02;M-J-01-01
NiN-3.0-T-C-PE-NA-MB-OC01-M005-01;M-M-01-01
NiN-3.0-T-C-PE-NA-MB-OC01-M005-01;M-M-01-02
NiN-3.0-T-C-PE-NA-MB-OC01-M005-01;M-M-01-03
NiN-3.0-T-C-PE-NA-MB-OC01-M005-02;M-M-01-04
NiN-3.0-T-C-PE-NA-MB-OC01-M005-02;M-M-01-05
NiN-3.0-T-C-PE-NA-MB-OC01-M005-02;M-M-01-06
NiN-3.0-T-C-PE-NA-MB-OC01-M005-03;M-A-02-0
NiN-3.0-T-C-PE-NA-MB-OC01-M005-03;M-A-02-01
NiN-3.0-T-C-PE-NA-MB-OC01-M005-03;M-A-02-02
NiN-3.0-T-C-PE-NA-MB-OC01-M005-03;M-A-02-03
NiN-3.0-T-C-PE-NA-MB-OC01-M005-04;M-A-02-04
NiN-3.0-T-C-PE-NA-MB-OC01-M005-04;M-A-02-05
NiN-3.0-T-C-PE-NA-MB-OC01-M005-04;M-A-02-06
NiN-3.0-T-C-PE-NA-MB-OC01-M005-04;M-A-02-07
NiN-3.0-T-C-PE-NA-MB-OC02-M005-01;M-A-02-09
NiN-3.0-T-C-PE-NA-MB-OC02-M005-01;M-A-02-10
NiN-3.0-T-C-PE-NA-MB-OC02-M005-02;M-A-02-11
NiN-3.0-T-C-PE-NA-MB-OC02-M005-02;M-A-02-12
NiN-3.0-T-C-PE-NA-MB-OC02-M005-01;M-A-02-13
NiN-3.0-T-C-PE-NA-MB-OC02-M005-01;M-A-02-14
NiN-3.0-T-C-PE-NA-MB-OC02-M005-02;M-A-02-15
NiN-3.0-T-C-PE-NA-MB-OC02-M005-02;M-A-02-16
NiN-3.0-T-C-PE-NA-MB-OC02-M005-03;M-A-02-17
NiN-3.0-T-C-PE-NA-MB-OC03-M005-01;M-A-02-19
NiN-3.0-T-C-PE-NA-MB-OC03-M005-02;M-A-02-20
NiN-3.0-T-C-PE-NA-MB-OG01-M005-01;M-B-02-01
NiN-3.0-T-C-PE-NA-MB-OM01-M005-01;M-C-02-0
NiN-3.0-T-C-PE-NA-MB-OM01-M005-01;M-C-02-01
NiN-3.0-T-C-PE-NA-MB-OM01-M005-02;M-C-02-02
NiN-3.0-T-C-PE-NA-MB-OM01-M005-02;M-C-02-03
NiN-3.0-T-C-PE-NA-MB-OM01-M005-03;M-C-02-04
NiN-3.0-T-C-PE-NA-MB-OM02-M005-01;M-C-02-06
NiN-3.0-T-C-PE-NA-MB-OM02-M005-01;M-C-02-07
NiN-3.0-T-C-PE-NA-MB-OM02-M005-02;M-C-02-08
NiN-3.0-T-C-PE-NA-MB-OM02-M005-02;M-C-02-09
NiN-3.0-T-C-PE-NA-MB-TA01-M005-01;M-C-02-12
NiN-3.0-T-C-PE-NA-MB-TA01-M005-01;M-C-02-13
NiN-3.0-T-C-PE-NA-MB-TA01-M005-02;M-M-02-0
NiN-3.0-T-C-PE-NA-MB-TA01-M005-02;M-M-02-01
NiN-3.0-T-C-PE-NA-MB-TA01-M005-03;M-M-02-02
NiN-3.0-T-C-PE-NA-MB-TA01-M005-03;M-A-03-0
NiN-3.0-T-C-PE-NA-MB-TA01-M005-04;M-A-03-01
NiN-3.0-T-C-PE-NA-MB-TA01-M005-04;M-A-03-02
NiN-3.0-T-C-PE-NA-MB-TA01-M005-05;M-A-03-03
NiN-3.0-T-C-PE-NA-MB-TA01-M005-05;M-A-03-04
NiN-3.0-T-C-PE-NA-MB-TA01-M005-06;M-A-03-05
NiN-3.0-T-C-PE-NA-MB-TA01-M005-06;M-A-03-06
NiN-3.0-T-C-PE-NA-MB-TA01-M005-07;M-A-03-07
NiN-3.0-T-C-PE-NA-MB-TA01-M005-07;M-A-03-08
NiN-3.0-T-C-PE-NA-MB-TA01-M005-08;M-A-03-09
NiN-3.0-T-C-PE-NA-MB-TA01-M005-08;M-A-03-10
NiN-3.0-T-C-PE-NA-MB-TA01-M005-09;M-A-03-11
NiN-3.0-T-C-PE-NA-MB-TA01-M005-09;M-B-03-0
NiN-3.0-T-C-PE-NA-MB-TA01-M005-10;M-B-03-01
NiN-3.0-T-C-PE-NA-MB-TA01-M005-10;M-B-03-02
NiN-3.0-T-C-PE-NA-MB-TA01-M005-01;M-C-03-0
NiN-3.0-T-C-PE-NA-MB-TA01-M005-01;M-C-03-01
NiN-3.0-T-C-PE-NA-MB-TA01-M005-02;M-C-03-02
NiN-3.0-T-C-PE-NA-MB-TA01-M005-02;M-C-03-03
NiN-3.0-T-C-PE-NA-MB-TA01-M005-03;M-C-03-04
NiN-3.0-T-C-PE-NA-MB-TA01-M005-03;M-A-04-0
NiN-3.0-T-C-PE-NA-MB-TA01-M005-04;M-A-04-01
NiN-3.0-T-C-PE-NA-MB-TA01-M005-04;M-A-04-02
NiN-3.0-T-C-PE-NA-MB-TA01-M005-05;M-A-04-03
NiN-3.0-T-C-PE-NA-MB-TA01-M005-01;M-A-04-07
NiN-3.0-T-C-PE-NA-MB-TA01-M005-02;M-A-04-08
NiN-3.0-T-C-PE-NA-MB-TA01-M005-03;M-A-04-09
NiN-3.0-T-C-PE-NA-MB-TA01-M005-04;M-A-04-10
NiN-3.0-T-C-PE-NA-MB-TA01-M005-05;M-A-04-11
NiN-3.0-T-C-PE-NA-MB-TA01-M005-06;M-A-04-12
NiN-3.0-T-C-PE-NA-MB-TA01-M005-10;M-C-04-0
NiN-3.0-T-C-PE-NA-MB-TA01-M005-10;M-C-04-01
NiN-3.0-T-C-PE-NA-MB-TA01-M005-01;M-C-04-02
NiN-3.0-T-C-PE-NA-MB-TA01-M005-01;M-C-04-03
NiN-3.0-T-C-PE-NA-MB-TA01-M005-02;M-C-04-04
NiN-3.0-T-C-PE-NA-MB-TA01-M005-02;M-C-04-05
NiN-3.0-T-C-PE-NA-MB-TA01-M005-03;M-C-04-06
NiN-3.0-T-C-PE-NA-MB-TA01-M005-03;M-C-04-07
NiN-3.0-T-C-PE-NA-MB-TA01-M005-04;M-C-04-08
NiN-3.0-T-C-PE-NA-MB-TA01-M005-04;M-C-04-09
NiN-3.0-T-C-PE-NA-MB-TA01-M005-05;M-C-04-10
NiN-3.0-T-C-PE-NA-MB-TA01-M005-01;M-A-05-03
NiN-3.0-T-C-PE-NA-MB-TA01-M005-02;M-A-05-04
NiN-3.0-T-C-PE-NA-MB-TA01-M005-03;M-A-05-05
NiN-3.0-T-C-PE-NA-MB-TA01-M005-04;M-A-05-06
NiN-3.0-T-C-PE-NA-MB-TA01-M005-05;M-A-05-07
NiN-3.0-T-C-PE-NA-MB-TA01-M005-06;M-A-05-08
NiN-3.0-T-C-PE-NA-MB-TA01-M005-10;M-A-05-09
NiN-3.0-T-C-PE-NA-MB-TA01-M005-10;M-A-05-10
NiN-3.0-T-C-PE-NA-MB-TA01-M005-01;M-A-05-11
NiN-3.0-T-C-PE-NA-MB-TA01-M005-01;M-A-05-12
NiN-3.0-T-C-PE-NA-MB-TA01-M005-03;M-A-05-13
NiN-3.0-T-C-PE-NA-MB-TA01-M005-03;M-A-05-14
NiN-3.0-T-C-PE-NA-MB-TA01-M005-05;M-A-05-15
NiN-3.0-T-C-PE-NA-MB-TA01-M005-05;M-A-05-16
NiN-3.0-T-C-PE-NA-MB-TA01-M005-01;M-C-05-02
NiN-3.0-T-C-PE-NA-MB-TA01-M005-01;M-C-05-03
NiN-3.0-T-C-PE-NA-MB-TA01-M005-03;M-C-05-04
NiN-3.0-T-C-PE-NA-MB-TA01-M005-03;M-C-05-05
NiN-3.0-T-C-PE-NA-MB-TA01-M005-05;M-A-06-0
NiN-3.0-T-C-PE-NA-MB-TA01-M005-05;M-A-06-01
NiN-3.0-T-C-PE-NA-MB-TA01-M005-11;M-A-06-04
NiN-3.0-T-C-PE-NA-MB-TA01-M005-12;M-A-06-05
NiN-3.0-T-C-PE-NA-MB-TA01-M005-13;M-A-06-08
NiN-3.0-T-C-PE-NA-MB-TA02-M005-01;M-A-06-10
NiN-3.0-T-C-PE-NA-MB-TA02-M005-02;M-A-06-11
NiN-3.0-T-C-PE-NA-MB-TA02-M005-03;M-A-06-12
NiN-3.0-T-C-PE-NA-MB-TA02-M005-04;M-A-06-13
NiN-3.0-T-C-PE-NA-MB-TA02-M005-05;M-A-06-14
NiN-3.0-T-C-PE-NA-MB-TA02-M005-06;M-A-06-15
NiN-3.0-T-C-PE-NA-MB-TA02-M005-07;M-A-06-16
NiN-3.0-T-C-PE-NA-MB-TA02-M005-08;M-A-06-17
NiN-3.0-T-C-PE-NA-MB-TA02-M005-09;M-A-06-18
NiN-3.0-T-C-PE-NA-MB-TA03-M005-01;M-A-06-20
NiN-3.0-T-C-PE-NA-MB-TA03-M005-02;M-A-06-21
NiN-3.0-T-C-PE-NA-MB-TA03-M005-03;M-A-06-22
NiN-3.0-T-C-PE-NA-MB-TA03-M005-04;M-A-06-23
NiN-3.0-T-C-PE-NA-MB-TA03-M005-05;M-A-06-24
NiN-3.0-T-C-PE-NA-MB-TA03-M005-06;M-A-06-25
NiN-3.0-T-C-PE-NA-MB-TA03-M005-07;M-A-06-26
NiN-3.0-T-C-PE-NA-MB-TA03-M005-08;M-A-06-27
NiN-3.0-T-C-PE-NA-MB-TA03-M005-09;M-A-06-28
NiN-3.0-T-C-PE-NA-MB-TA03-M005-10;M-A-06-29
NiN-3.0-T-C-PE-NA-MB-TA03-M005-11;M-A-06-30
NiN-3.0-T-C-PE-NA-MB-TA03-M005-12;M-A-06-31
NiN-3.0-T-C-PE-NA-MB-TA03-M005-13;M-C-06-0
NiN-3.0-T-C-PE-NA-MB-TA03-M005-14;M-C-06-01
NiN-3.0-T-C-PE-NA-MB-TA03-M005-15;M-C-06-02
NiN-3.0-T-C-PE-NA-MB-TA03-M005-16;M-C-06-03
NiN-3.0-T-C-PE-NA-MB-TA04-M005-01;M-C-06-05
NiN-3.0-T-C-PE-NA-MB-TA04-M005-02;M-C-07-0
NiN-3.0-T-C-PE-NA-MB-TA04-M005-03;M-C-07-01
NiN-3.0-T-C-PE-NA-MB-TB01-M005-01;M-C-07-03
NiN-3.0-T-C-PE-NA-MB-TB01-M005-02;M-C-08-0
NiN-3.0-T-C-PE-NA-MB-TB01-M005-03;M-C-08-01
NiN-3.0-T-C-PE-NA-MB-TB01-M005-04;M-C-08-02
NiN-3.0-T-C-PE-NA-MB-TB01-M005-05;M-C-08-03
NiN-3.0-T-C-PE-NA-MB-TB01-M005-06;M-C-08-04
NiN-3.0-T-C-PE-NA-MB-TB01-M005-04;M-C-09-0
NiN-3.0-T-C-PE-NA-MB-TB01-M005-05;M-C-09-01
NiN-3.0-T-C-PE-NA-MB-TB01-M005-06;M-C-09-02
NiN-3.0-T-C-PE-NA-MB-TB01-M005-04;O-0-0-0
NiN-3.0-T-C-PE-NA-MB-TB01-M005-05;O-A-01-0
NiN-3.0-T-C-PE-NA-MB-TB01-M005-06;O-A-01-01
NiN-3.0-T-C-PE-NA-MB-TB01-M005-13;O-A-01-02
NiN-3.0-T-C-PE-NA-MB-TB01-M005-14;O-A-01-03
NiN-3.0-T-C-PE-NA-MB-TB01-M005-15;O-A-01-04
NiN-3.0-T-C-PE-NA-MB-TC01-M005-01;O-A-01-09
NiN-3.0-T-C-PE-NA-MB-TC01-M005-01;O-A-01-10
NiN-3.0-T-C-PE-NA-MB-TC01-M005-02;O-A-01-11
NiN-3.0-T-C-PE-NA-MB-TC01-M005-03;O-A-01-12
NiN-3.0-T-C-PE-NA-MB-TC01-M005-01;O-A-01-13
NiN-3.0-T-C-PE-NA-MB-TC01-M005-01;O-A-01-14
NiN-3.0-T-C-PE-NA-MB-TC02-M005-01;O-A-01-16
NiN-3.0-T-C-PE-NA-MB-TC02-M005-02;O-A-01-17
NiN-3.0-T-C-PE-NA-MB-TC02-M005-03;O-A-01-18
NiN-3.0-T-C-PE-NA-MB-TC02-M005-04;O-A-01-19
NiN-3.0-T-C-PE-NA-MB-TC02-M005-05;O-A-01-20
NiN-3.0-T-C-PE-NA-MB-TC02-M005-06;O-A-01-22
NiN-3.0-T-C-PE-NA-MB-TC02-M005-07;O-A-01-23
NiN-3.0-T-C-PE-NA-MB-TC02-M005-08;O-A-01-24
NiN-3.0-T-C-PE-NA-MB-TC03-M005-01;O-A-01-26
NiN-3.0-T-C-PE-NA-MB-TC03-M005-02;O-A-01-27
NiN-3.0-T-C-PE-NA-MB-TC03-M005-03;O-A-01-28
NiN-3.0-T-C-PE-NA-MB-TC03-M005-03;O-A-01-29
NiN-3.0-T-C-PE-NA-MB-TC03-M005-04;O-A-01-30
NiN-3.0-T-C-PE-NA-MB-TC03-M005-04;O-A-01-31
NiN-3.0-T-C-PE-NA-MB-TC03-M005-05;O-A-01-32
NiN-3.0-T-C-PE-NA-MB-TC03-M005-05;O-B-01-0
NiN-3.0-T-C-PE-NA-MB-TC03-M005-06;O-B-01-01
NiN-3.0-T-C-PE-NA-MB-TC03-M005-06;O-B-01-02
NiN-3.0-T-C-PE-NA-MB-TC04-M005-01;O-C-01-02
NiN-3.0-T-C-PE-NA-MB-TC04-M005-01;O-C-01-03
NiN-3.0-T-C-PE-NA-MB-TC05-M005-01;O-C-01-05
NiN-3.0-T-C-PE-NA-MB-TC05-M005-01;O-C-01-06
NiN-3.0-T-C-PE-NA-MB-TC05-M005-02;O-C-01-07
NiN-3.0-T-C-PE-NA-MB-TC05-M005-02;O-C-01-08
NiN-3.0-T-C-PE-NA-MB-TC05-M005-03;O-C-01-10
NiN-3.0-T-C-PE-NA-MB-TC06-M005-01;O-C-01-12
NiN-3.0-T-C-PE-NA-MB-TC06-M005-02;O-C-01-13
NiN-3.0-T-C-PE-NA-MB-TC06-M005-02;O-C-01-14
NiN-3.0-T-C-PE-NA-MB-TC06-M005-03;O-G-01-0
NiN-3.0-T-C-PE-NA-MB-TC07-M005-01;O-M-01-0
NiN-3.0-T-C-PE-NA-MB-TC08-M005-01;O-M-01-02
NiN-3.0-T-C-PE-NA-MB-TC08-M005-02;O-M-01-03
NiN-3.0-T-C-PE-NA-MB-TC08-M005-03;O-M-01-04
NiN-3.0-T-C-PE-NA-MB-TC08-M005-04;O-M-01-05
NiN-3.0-T-C-PE-NA-MB-TC08-M005-05;O-A-02-0
NiN-3.0-T-C-PE-NA-MB-TC08-M005-06;O-A-02-01
NiN-3.0-T-C-PE-NA-MB-TC08-M005-07;O-A-02-02
NiN-3.0-T-C-PE-NA-MB-TC08-M005-08;O-A-02-03
NiN-3.0-T-C-PE-NA-MB-TC08-M005-09;O-A-02-04
NiN-3.0-T-C-PE-NA-MB-TC08-M005-02;O-A-02-05
NiN-3.0-T-C-PE-NA-MB-TC08-M005-03;O-A-02-06
NiN-3.0-T-C-PE-NA-MB-TD01-M005-01;O-A-02-08
NiN-3.0-T-C-PE-NA-MB-TD01-M005-02;O-A-02-09
NiN-3.0-T-C-PE-NA-MB-TD01-M005-03;O-A-02-10
NiN-3.0-T-C-PE-NA-MB-TD01-M005-04;O-A-02-11
NiN-3.0-T-C-PE-NA-MB-TD01-M005-05;O-A-02-12
NiN-3.0-T-C-PE-NA-MB-TD01-M005-06;O-A-02-13
NiN-3.0-T-C-PE-NA-MB-TD01-M005-07;O-A-02-14
NiN-3.0-T-C-PE-NA-MB-TD01-M005-08;O-A-02-15
NiN-3.0-T-C-PE-NA-MB-TD01-M005-09;O-A-02-16
NiN-3.0-T-C-PE-NA-MB-TD01-M005-10;O-A-02-17
NiN-3.0-T-C-PE-NA-MB-TD01-M005-11;O-A-02-18
NiN-3.0-T-C-PE-NA-MB-TD01-M005-12;O-A-02-19
NiN-3.0-T-C-PE-NA-MB-TD02-M005-01;O-A-02-21
NiN-3.0-T-C-PE-NA-MB-TD02-M005-02;O-C-02-0
NiN-3.0-T-C-PE-NA-MB-TD03-M005-01;O-C-02-02
NiN-3.0-T-C-PE-NA-MB-TD03-M005-02;O-C-02-03
NiN-3.0-T-C-PE-NA-MB-TD03-M005-03;O-C-02-04
NiN-3.0-T-C-PE-NA-MB-TD03-M005-04;O-C-02-05
NiN-3.0-T-C-PE-NA-MB-TD03-M005-05;O-C-02-06
NiN-3.0-T-C-PE-NA-MB-TD03-M005-06;O-C-02-07
NiN-3.0-T-C-PE-NA-MB-TD04-M005-01;O-C-02-09
NiN-3.0-T-C-PE-NA-MB-TD04-M005-02;O-M-02-0
NiN-3.0-T-C-PE-NA-MB-TD04-M005-03;O-M-02-01
NiN-3.0-T-C-PE-NA-MB-TD04-M005-04;O-M-02-02
NiN-3.0-T-C-PE-NA-MB-TD04-M005-05;O-M-02-03
NiN-3.0-T-C-PE-NA-MB-TD05-M005-01;O-C-03-0
NiN-3.0-T-C-PE-NA-MB-TD05-M005-02;O-C-03-01
NiN-3.0-T-C-PE-NA-MB-TD06-M005-01;S-0-0-0
NiN-3.0-T-C-PE-NA-MB-TD06-M005-02;S-A-01-0
NiN-3.0-T-C-PE-NA-MB-TD06-M005-03;S-A-01-01
NiN-3.0-T-C-PE-NA-MB-TD06-M005-04;S-A-01-02
NiN-3.0-T-C-PE-NA-MB-TE01-M005-01;S-C-01-02
NiN-3.0-T-C-PE-NA-MB-TE01-M005-01;S-M-01-0
NiN-3.0-T-C-PE-NA-MB-TE01-M005-02;S-M-01-01
NiN-3.0-T-C-PE-NA-MB-TE01-M005-03;S-C-02-0
NiN-3.0-T-C-PE-NA-MB-TE01-M005-04;S-C-02-02
NiN-3.0-T-C-PE-NA-MB-TE01-M005-05;S-C-02-03
NiN-3.0-T-C-PE-NA-MB-TE01-M005-06;S-C-02-05
NiN-3.0-T-C-PE-NA-MB-TE02-M005-01;S-M-02-01
NiN-3.0-T-C-PE-NA-MB-TE02-M005-02;S-C-03-0
NiN-3.0-T-C-PE-NA-MB-TE02-M005-03;S-C-03-01
NiN-3.0-T-C-PE-NA-MB-TE03-M005-01;S-M-03-01
NiN-3.0-T-C-PE-NA-MB-TE03-M005-01;S-C-04-0
NiN-3.0-T-C-PE-NA-MB-TE03-M005-02;S-C-04-01
NiN-3.0-T-C-PE-NA-MB-TE03-M005-03;S-C-04-02
NiN-3.0-T-C-PE-NA-MB-TE03-M005-04;S-C-05-0
NiN-3.0-T-C-PE-NA-MB-TE04-M005-01;S-C-06-01
NiN-3.0-T-C-PE-NA-MB-TE04-M005-01;S-C-06-02
NiN-3.0-T-C-PE-NA-MB-TE05-M005-02;S-C-07-01
NiN-3.0-T-C-PE-NA-MB-TE05-M005-03;S-C-07-02
NiN-3.0-T-C-PE-NA-MB-TE05-M005-01;T-0-0-0
NiN-3.0-T-C-PE-NA-MB-TE05-M005-02;T-A-01-0
NiN-3.0-T-C-PE-NA-MB-TE05-M005-03;T-A-01-01
NiN-3.0-T-C-PE-NA-MB-TE05-M005-01;T-A-01-02
NiN-3.0-T-C-PE-NA-MB-TE05-M005-02;T-A-01-03
NiN-3.0-T-C-PE-NA-MB-TE05-M005-03;T-A-01-04
NiN-3.0-T-C-PE-NA-MB-TE06-M005-01;T-A-01-08
NiN-3.0-T-C-PE-NA-MB-TE06-M005-01;T-A-01-09
NiN-3.0-T-C-PE-NA-MB-TE06-M005-02;T-A-01-10
NiN-3.0-T-C-PE-NA-MB-TE06-M005-02;T-A-01-11
NiN-3.0-T-C-PE-NA-MB-TE06-M005-03;T-A-01-12
NiN-3.0-T-C-PE-NA-MB-TE07-M005-01;T-A-01-14
NiN-3.0-T-C-PE-NA-MB-TE08-M005-01;T-A-01-16
NiN-3.0-T-C-PE-NA-MB-TE08-M005-02;T-A-01-17
NiN-3.0-T-C-PE-NA-MB-TE08-M005-03;T-A-01-18
NiN-3.0-T-C-PE-NA-MB-TE08-M005-04;T-A-01-19
NiN-3.0-T-C-PE-NA-MB-TE09-M005-01;T-A-01-21
NiN-3.0-T-C-PE-NA-MB-TE09-M005-02;T-A-01-22
NiN-3.0-T-C-PE-NA-MB-TE09-M005-03;T-A-01-23
NiN-3.0-T-C-PE-NA-MB-TF01-M005-01;T-A-01-25
NiN-3.0-T-C-PE-NA-MB-TF01-M005-02;T-A-01-26
NiN-3.0-T-C-PE-NA-MB-TF02-M005-01;T-A-01-28
NiN-3.0-T-C-PE-NA-MB-TF02-M005-02;T-A-01-29
NiN-3.0-T-C-PE-NA-MB-TF02-M005-03;T-A-01-30
NiN-3.0-T-C-PE-NA-MB-TF02-M005-04;T-A-01-31
NiN-3.0-T-C-PE-NA-MB-TF02-M005-05;T-A-01-32
NiN-3.0-T-C-PE-NA-MB-TF02-M005-06;T-A-01-33
NiN-3.0-T-C-PE-NA-MB-TG01-M005-01;T-A-01-35
NiN-3.0-T-C-PE-NA-MB-TG01-M005-02;T-A-01-36
NiN-3.0-T-C-PE-NA-MB-TG01-M005-03;T-A-01-37
NiN-3.0-T-C-PE-NA-MB-TG01-M005-04;T-A-01-38
NiN-3.0-T-C-PE-NA-MB-TG01-M005-05;T-A-01-39
NiN-3.0-T-C-PE-NA-MB-TG01-M005-06;T-A-01-40
NiN-3.0-T-C-PE-NA-MB-TG01-M005-07;T-A-01-41
NiN-3.0-T-C-PE-NA-MB-TG01-M005-08;T-A-01-42
NiN-3.0-T-C-PE-NA-MB-TG01-M005-09;T-A-01-43
NiN-3.0-T-C-PE-NA-MB-TG01-M005-10;T-A-01-44
NiN-3.0-T-C-PE-NA-MB-TG01-M005-11;T-A-01-45
NiN-3.0-T-C-PE-NA-MB-TG01-M005-12;T-A-01-46
NiN-3.0-T-C-PE-NA-MB-TG01-M005-13;T-A-01-47
NiN-3.0-T-C-PE-NA-MB-TG01-M005-14;T-A-01-48
NiN-3.0-T-C-PE-NA-MB-TG01-M005-15;T-A-01-49
NiN-3.0-T-C-PE-NA-MB-TG01-M005-15;T-A-01-50
NiN-3.0-T-C-PE-NA-MB-TG01-M005-15;T-A-01-51
NiN-3.0-T-C-PE-NA-MB-TG01-M005-16;T-A-01-52
NiN-3.0-T-C-PE-NA-MB-TG01-M005-17;T-A-01-53
NiN-3.0-T-C-PE-NA-MB-TG01-M005-18;T-A-01-54
NiN-3.0-T-C-PE-NA-MB-TG01-M005-19;T-A-01-55
NiN-3.0-T-C-PE-NA-MB-TG01-M005-20;T-A-01-56
NiN-3.0-T-C-PE-NA-MB-TG01-M005-21;T-A-01-57
NiN-3.0-T-C-PE-NA-MB-TG01-M005-22;T-A-01-58
NiN-3.0-T-C-PE-NA-MB-TG01-M005-23;T-A-01-59
NiN-3.0-T-C-PE-NA-MB-TG01-M005-24;T-A-01-60
NiN-3.0-T-C-PE-NA-MB-TG01-M005-25;T-A-01-61
NiN-3.0-T-C-PE-NA-MB-TG01-M005-26;T-A-01-62
NiN-3.0-T-C-PE-NA-MB-TG01-M005-26;T-A-01-63
NiN-3.0-T-C-PE-NA-MB-TG01-M005-27;T-A-01-64
NiN-3.0-T-C-PE-NA-MB-TG01-M005-25;T-A-01-65
NiN-3.0-T-C-PE-NA-MB-TG01-M005-26;T-A-01-66
NiN-3.0-T-C-PE-NA-MB-TG01-M005-26;T-A-01-67
NiN-3.0-T-C-PE-NA-MB-TG01-M005-26;T-A-01-68
NiN-3.0-T-C-PE-NA-MB-TG01-M005-27;T-A-01-69
NiN-3.0-T-C-PE-NA-MB-TG01-M005-28;T-A-01-70
NiN-3.0-T-C-PE-NA-MB-TG01-M005-29;T-A-01-71
NiN-3.0-T-C-PE-NA-MB-TG01-M005-29;T-A-01-72
NiN-3.0-T-C-PE-NA-MB-TG01-M005-29;T-A-01-73
NiN-3.0-T-C-PE-NA-MB-TG01-M005-30;T-A-01-74
NiN-3.0-T-C-PE-NA-MB-TG01-M005-31;T-A-01-75
NiN-3.0-T-C-PE-NA-MB-TG01-M005-32;T-A-01-76
NiN-3.0-T-C-PE-NA-MB-TG01-M005-33;T-A-01-77
NiN-3.0-T-C-PE-NA-MB-TG01-M005-34;T-A-01-78
NiN-3.0-T-C-PE-NA-MB-TG01-M005-35;T-A-01-79
NiN-3.0-T-C-PE-NA-MB-TG01-M005-36;T-A-01-80
NiN-3.0-T-C-PE-NA-MB-TG01-M005-37;T-A-01-81
NiN-3.0-T-C-PE-NA-MB-TG01-M005-38;T-B-01-0
NiN-3.0-T-C-PE-NA-MB-TG01-M005-39;T-B-01-01
NiN-3.0-T-C-PE-NA-MB-TG01-M005-40;T-B-01-02
NiN-3.0-T-C-PE-NA-MB-TG01-M005-41;T-B-01-03
NiN-3.0-T-C-PE-NA-MB-TH01-M005-01;T-B-01-05
NiN-3.0-T-C-PE-NA-MB-TH01-M005-02;T-B-01-06
NiN-3.0-T-C-PE-NA-MB-TH01-M005-03;T-B-01-07
NiN-3.0-T-C-PE-NA-MB-TH01-M005-04;T-B-01-08
NiN-3.0-T-C-PE-NA-MB-TH01-M005-05;T-B-01-09
NiN-3.0-T-C-PE-NA-MB-TH01-M005-06;T-B-01-10
NiN-3.0-T-C-PE-NA-MB-TH01-M005-07;T-B-01-11
NiN-3.0-T-C-PE-NA-MB-TH01-M005-08;T-B-01-12
NiN-3.0-T-C-PE-NA-MB-TH01-M005-09;T-B-01-13
NiN-3.0-T-C-PE-NA-MB-TH01-M005-10;T-B-01-14
NiN-3.0-T-C-PE-NA-MB-TH01-M005-11;T-B-01-15
NiN-3.0-T-C-PE-NA-MB-TH01-M005-12;T-B-01-16
NiN-3.0-T-C-PE-NA-MB-TH01-M005-13;T-B-01-17
NiN-3.0-T-C-PE-NA-MB-TH01-M005-14;T-B-01-18
NiN-3.0-T-C-PE-NA-MB-TI01-M005-01;T-C-01-01
NiN-3.0-T-C-PE-NA-MB-TI01-M005-02;T-C-01-02
NiN-3.0-T-C-PE-NA-MB-TI01-M005-03;T-C-01-03
NiN-3.0-T-C-PE-NA-MB-TI01-M005-04;T-C-01-04
NiN-3.0-T-C-PE-NA-MB-TI01-M005-05;T-C-01-05
NiN-3.0-T-C-PE-NA-MB-TI01-M005-06;T-C-01-06
NiN-3.0-T-C-PE-NA-MB-TI01-M005-07;T-D-01-0
NiN-3.0-T-C-PE-NA-MB-TI01-M005-08;T-D-01-01
NiN-3.0-T-C-PE-NA-MB-TI01-M005-09;T-D-01-02
NiN-3.0-T-C-PE-NA-MB-TI01-M005-10;T-D-01-03
NiN-3.0-T-C-PE-NA-MB-TK01-M005-01;T-D-01-05
NiN-3.0-T-C-PE-NA-MB-TK01-M005-02;T-D-01-06
NiN-3.0-T-C-PE-NA-MB-TK01-M005-03;T-D-01-07
NiN-3.0-T-C-PE-NA-MB-TK01-M005-04;T-D-01-08
NiN-3.0-T-C-PE-NA-MB-TK01-M005-05;T-D-01-09
NiN-3.0-T-C-PE-NA-MB-TK01-M005-06;T-D-01-10
NiN-3.0-T-C-PE-NA-MB-TK01-M005-07;T-D-01-11
NiN-3.0-T-C-PE-NA-MB-TK01-M005-08;T-D-01-12
NiN-3.0-T-C-PE-NA-MB-TK01-M005-09;T-E-01-0
NiN-3.0-T-C-PE-NA-MB-TK01-M005-10;T-E-01-01
NiN-3.0-T-C-PE-NA-MB-TK01-M005-11;T-E-01-02
NiN-3.0-T-C-PE-NA-MB-TK01-M005-12;T-E-01-03
NiN-3.0-T-C-PE-NA-MB-TK01-M005-13;T-E-01-04
NiN-3.0-T-C-PE-NA-MB-TK01-M005-14;T-E-01-05
NiN-3.0-T-C-PE-NA-MB-TK01-M005-15;T-E-01-06
NiN-3.0-T-C-PE-NA-MB-TK01-M005-16;T-E-01-07
NiN-3.0-T-C-PE-NA-MB-TK01-M005-17;T-E-01-08
NiN-3.0-T-C-PE-NA-MB-TK01-M005-18;T-E-01-09
NiN-3.0-T-C-PE-NA-MB-TK01-M005-19;T-F-01-0
NiN-3.0-T-C-PE-NA-MB-TK01-M005-20;T-F-01-01
NiN-3.0-T-C-PE-NA-MB-TK01-M005-21;T-F-01-02
NiN-3.0-T-C-PE-NA-MB-TK01-M005-22;T-G-01-0
NiN-3.0-T-C-PE-NA-MB-TK01-M005-23;T-G-01-01
NiN-3.0-T-C-PE-NA-MB-TK01-M005-24;T-G-01-02
NiN-3.0-T-C-PE-NA-MB-TK01-M005-25;T-G-01-03
NiN-3.0-T-C-PE-NA-MB-TK01-M005-26;T-G-01-04
NiN-3.0-T-C-PE-NA-MB-TK01-M005-27;T-G-01-05
NiN-3.0-T-C-PE-NA-MB-TK02-M005-01;T-G-01-07
NiN-3.0-T-C-PE-NA-MB-TK02-M005-01;T-G-01-08
NiN-3.0-T-C-PE-NA-MB-TK02-M005-02;T-G-01-09
NiN-3.0-T-C-PE-NA-MB-TK03-M005-01;T-G-01-11
NiN-3.0-T-C-PE-NA-MB-TK03-M005-02;T-G-01-12
NiN-3.0-T-C-PE-NA-MB-TK03-M005-03;T-G-01-13
NiN-3.0-T-C-PE-NA-MB-TK03-M005-04;T-G-01-14
NiN-3.0-T-C-PE-NA-MB-TK03-M005-05;T-G-01-15
NiN-3.0-T-C-PE-NA-MB-TK03-M005-06;T-G-01-16
NiN-3.0-T-C-PE-NA-MB-TK03-M005-07;T-G-01-17
NiN-3.0-T-C-PE-NA-MB-TK03-M005-08;T-G-01-18
NiN-3.0-T-C-PE-NA-MB-TL01-M005-01;T-G-01-20
NiN-3.0-T-C-PE-NA-MB-TL01-M005-02;T-G-01-21
NiN-3.0-T-C-PE-NA-MB-TL01-M005-03;T-G-01-22
NiN-3.0-T-C-PE-NA-MB-TL01-M005-04;T-G-01-23
NiN-3.0-T-C-PE-NA-MB-TL01-M005-05;T-G-01-24
NiN-3.0-T-C-PE-NA-MB-TL01-M005-06;T-G-01-25
NiN-3.0-T-C-PE-NA-MB-TL01-M005-07;T-G-01-26
NiN-3.0-T-C-PE-NA-MB-TL01-M005-08;T-G-01-27
NiN-3.0-T-C-PE-NA-MB-TM01-M005-01;T-G-01-29
NiN-3.0-T-C-PE-NA-MB-TM01-M005-02;T-G-01-30
NiN-3.0-T-C-PE-NA-MB-TM01-M005-03;T-G-01-31
NiN-3.0-T-C-PE-NA-MB-TM02-M005-01;T-G-01-33
NiN-3.0-T-C-PE-NA-MB-TM02-M005-02;T-G-01-34
NiN-3.0-T-C-PE-NA-MB-TM03-M005-01;T-G-01-36
NiN-3.0-T-C-PE-NA-MB-TM03-M005-02;T-G-01-37
NiN-3.0-T-C-PE-NA-MB-TM03-M005-03;T-G-01-38
NiN-3.0-T-C-PE-NA-MB-TM03-M005-04;T-G-01-39
NiN-3.0-T-C-PE-NA-MB-TM03-M005-05;T-G-01-40
NiN-3.0-T-C-PE-NA-MB-TM03-M005-06;T-G-01-41
NiN-3.0-T-C-PE-NA-MB-TM03-M005-07;T-G-01-42
NiN-3.0-T-C-PE-NA-MB-TM03-M005-08;T-G-01-43
NiN-3.0-T-C-PE-NA-MB-TM03-M005-09;T-G-01-44
NiN-3.0-T-C-PE-NA-MB-TM03-M005-10;T-G-01-45
NiN-3.0-T-C-PE-NA-MB-TM04-M005-01;T-G-01-47
NiN-3.0-T-C-PE-NA-MB-TM04-M005-02;T-G-01-48
NiN-3.0-T-C-PE-NA-MB-TM05-M005-01;T-G-01-50
NiN-3.0-T-C-PE-NA-MB-TM05-M005-02;T-G-01-51
NiN-3.0-T-C-PE-NA-MB-TM06-M005-01;T-H-01-01
NiN-3.0-T-C-PE-NA-MB-TM06-M005-02;T-H-01-02
NiN-3.0-T-C-PE-NA-MB-TM06-M005-03;T-H-01-03
NiN-3.0-T-C-PE-NA-MB-TN01-M005-01;T-H-01-05
NiN-3.0-T-C-PE-NA-MB-TN02-M005-01;T-H-01-07
NiN-3.0-T-C-PE-NA-MB-TN03-M005-01;T-H-01-09
NiN-3.0-T-C-PE-NA-MB-TO01-M005-01;T-H-01-11
NiN-3.0-T-C-PE-NA-MB-TO02-M005-01;T-H-01-13
NiN-3.0-T-C-PE-NA-MB-TO03-M005-01;T-I-01-0
NiN-3.0-T-C-PE-NA-MB-TO03-M005-02;T-I-01-01
NiN-3.0-T-C-PE-NA-MB-TO03-M005-03;T-I-01-02
NiN-3.0-T-C-PE-NA-MB-TO03-M005-04;T-I-01-03
NiN-3.0-T-C-PE-NA-MB-TO04-M005-01;T-I-01-05
NiN-3.0-T-C-PE-NA-MB-TO04-M005-02;T-I-01-06
NiN-3.0-T-C-PE-NA-MB-TO04-M005-03;T-I-01-07
NiN-3.0-T-C-PE-NA-MB-VA01-M005-01;T-I-01-10
NiN-3.0-T-C-PE-NA-MB-VA01-M005-01;T-K-01-0
NiN-3.0-T-C-PE-NA-MB-VA01-M005-01;T-K-01-01
NiN-3.0-T-C-PE-NA-MB-VA01-M005-02;T-K-01-02
NiN-3.0-T-C-PE-NA-MB-VA01-M005-02;T-K-01-03
NiN-3.0-T-C-PE-NA-MB-VA01-M005-03;T-K-01-04
NiN-3.0-T-C-PE-NA-MB-VA01-M005-03;T-K-01-05
NiN-3.0-T-C-PE-NA-MB-VA01-M005-03;T-K-01-06
NiN-3.0-T-C-PE-NA-MB-VA01-M005-04;T-K-01-07
NiN-3.0-T-C-PE-NA-MB-VA01-M005-05;T-K-01-08
NiN-3.0-T-C-PE-NA-MB-VA01-M005-05;T-K-01-09
NiN-3.0-T-C-PE-NA-MB-VA01-M005-05;T-K-01-10
NiN-3.0-T-C-PE-NA-MB-VA01-M005-06;T-K-01-11
NiN-3.0-T-C-PE-NA-MB-VA01-M005-07;T-K-01-12
NiN-3.0-T-C-PE-NA-MB-VA01-M005-07;T-K-01-13
NiN-3.0-T-C-PE-NA-MB-VA01-M005-07;T-K-01-14
NiN-3.0-T-C-PE-NA-MB-VA01-M005-09;T-K-01-15
NiN-3.0-T-C-PE-NA-MB-VA01-M005-09;T-K-01-16
NiN-3.0-T-C-PE-NA-MB-VA01-M005-09;T-K-01-17
NiN-3.0-T-C-PE-NA-MB-VA01-M005-08;T-K-01-18
NiN-3.0-T-C-PE-NA-MB-VA01-M005-10;T-K-01-19
NiN-3.0-T-C-PE-NA-MB-VA01-M005-11;T-K-01-20
NiN-3.0-T-C-PE-NA-MB-VA01-M005-12;T-K-01-21
NiN-3.0-T-C-PE-NA-MB-VA01-M005-13;T-K-01-22
NiN-3.0-T-C-PE-NA-MB-VA01-M005-14;T-K-01-23
NiN-3.0-T-C-PE-NA-MB-VA01-M005-15;T-K-01-24
NiN-3.0-T-C-PE-NA-MB-VA01-M005-16;T-K-01-25
NiN-3.0-T-C-PE-NA-MB-VA01-M005-17;T-K-01-26
NiN-3.0-T-C-PE-NA-MB-VA01-M005-18;T-K-01-27
NiN-3.0-T-C-PE-NA-MB-VA01-M005-14;T-L-01-0
NiN-3.0-T-C-PE-NA-MB-VA01-M005-16;T-L-01-01
NiN-3.0-T-C-PE-NA-MB-VA01-M005-19;T-L-01-02
NiN-3.0-T-C-PE-NA-MB-VB01-M005-01;T-L-01-04
NiN-3.0-T-C-PE-NA-MB-VB01-M005-01;T-L-01-05
NiN-3.0-T-C-PE-NA-MB-VB01-M005-02;T-L-01-06
NiN-3.0-T-C-PE-NA-MB-VB01-M005-02;T-L-01-07
NiN-3.0-T-C-PE-NA-MB-VB01-M005-03;T-L-01-08
NiN-3.0-T-C-PE-NA-MB-VB01-M005-03;T-M-01-0
NiN-3.0-T-C-PE-NA-MB-VB01-M005-04;T-M-01-01
NiN-3.0-T-C-PE-NA-MB-VB01-M005-04;T-M-01-02
NiN-3.0-T-C-PE-NA-MB-VB01-M005-02;T-M-01-03
NiN-3.0-T-C-PE-NA-MB-VB01-M005-03;T-N-01-0
NiN-3.0-T-C-PE-NA-MB-VB01-M005-04;T-N-01-01
NiN-3.0-T-C-PE-NA-MB-VC01-M005-01;T-O-01-01
NiN-3.0-T-C-PE-NA-MB-VC01-M005-01;T-A-02-0
NiN-3.0-T-C-PE-NA-MB-VC01-M005-01;T-A-02-01
NiN-3.0-T-C-PE-NA-MB-VC01-M005-02;T-A-02-02
NiN-3.0-T-C-PE-NA-MB-VC01-M005-02;T-A-02-03
NiN-3.0-T-C-PE-NA-MB-VC01-M005-03;T-A-02-04
NiN-3.0-T-C-PE-NA-MB-VC01-M005-02;T-A-02-05
NiN-3.0-T-C-PE-NA-MB-VC01-M005-04;T-A-02-06
NiN-3.0-T-C-PE-NA-MB-VC02-M005-01;T-A-02-08
NiN-3.0-T-C-PE-NA-MB-VC02-M005-02;T-A-02-09
NiN-3.0-T-C-PE-NA-MB-VC02-M005-03;T-C-02-0
NiN-3.0-T-C-PE-NA-MB-VC02-M005-02;T-C-02-01
NiN-3.0-T-C-PE-NA-MB-VC02-M005-03;T-C-02-02
NiN-3.0-T-C-PE-NA-MB-VC03-M005-01;T-C-02-04
NiN-3.0-T-C-PE-NA-MB-VC03-M005-02;T-C-02-05
NiN-3.0-T-C-PE-NA-MB-VC03-M005-03;T-C-02-06
NiN-3.0-T-C-PE-NA-MB-VC03-M005-02;T-C-02-07
NiN-3.0-T-C-PE-NA-MB-VC03-M005-03;T-C-02-08
NiN-3.0-T-C-PE-NA-MB-VC04-M005-01;T-D-02-0
NiN-3.0-T-C-PE-NA-MB-VC04-M005-02;T-D-02-01
NiN-3.0-T-C-PE-NA-MB-VC04-M005-01;T-D-02-02
NiN-3.0-T-C-PE-NA-MB-VC04-M005-02;T-E-02-0
NiN-3.0-T-C-PE-NA-MB-VC04-M005-03;T-E-02-01
NiN-3.0-T-C-PE-NA-MB-VC04-M005-04;T-E-02-02
NiN-3.0-T-C-PE-NA-MB-VC04-M005-03;T-E-02-03
NiN-3.0-T-C-PE-NA-MB-VC04-M005-04;T-F-02-0
NiN-3.0-T-C-PE-NA-MB-VC04-M005-05;T-F-02-01
NiN-3.0-T-C-PE-NA-MB-VC04-M005-06;T-F-02-02
NiN-3.0-T-C-PE-NA-MB-VC04-M005-07;T-F-02-03
NiN-3.0-T-C-PE-NA-MB-VC04-M005-08;T-F-02-04
NiN-3.0-T-C-PE-NA-MB-VC04-M005-09;T-F-02-05
NiN-3.0-T-C-PE-NA-MB-VC04-M005-10;T-F-02-06
NiN-3.0-T-C-PE-NA-MB-VC05-M005-01;T-K-02-01
NiN-3.0-T-C-PE-NA-MB-VC05-M005-01;T-K-02-02
NiN-3.0-T-C-PE-NA-MB-VC05-M005-01;T-K-02-03
NiN-3.0-T-C-PE-NA-MB-VC05-M005-01;T-M-02-0
NiN-3.0-T-C-PE-NA-MB-VC05-M005-02;T-M-02-01
NiN-3.0-T-C-PE-NA-MB-VE01-M005-01;T-N-02-0
NiN-3.0-T-C-PE-NA-MB-VE01-M005-02;T-N-02-01
NiN-3.0-T-C-PE-NA-MB-VF01-M005-01;T-O-02-01
NiN-3.0-T-C-PE-NA-MB-VF02-M005-01;T-A-03-01
NiN-3.0-T-C-PE-NA-MB-VF02-M005-02;T-A-03-02
NiN-3.0-T-C-PE-NA-MB-VF02-M005-03;T-A-03-03
NiN-3.0-T-C-PE-NA-MB-VG01-M005-01;T-A-03-05
NiN-3.0-T-C-PE-NA-MB-VG01-M005-01;T-A-03-06
NiN-3.0-T-C-PE-NA-MB-VG01-M005-02;T-A-03-07
NiN-3.0-T-C-PE-NA-MB-VG02-M005-01;T-A-03-09
NiN-3.0-T-C-PE-NA-MB-VG02-M005-01;T-A-03-10
NiN-3.0-T-C-PE-NA-MB-VG02-M005-02;T-A-03-11
NiN-3.0-T-C-PE-NA-MB-VI01-M005-01;T-A-03-13
NiN-3.0-T-C-PE-NA-MB-VI01-M005-02;T-A-03-14
NiN-3.0-T-C-PE-NA-MB-VI01-M005-03;T-A-03-15
NiN-3.0-T-C-PE-NA-MB-VI01-M005-04;T-A-03-16
NiN-3.0-T-C-PE-NA-MB-VK01-M005-01;T-C-03-01
NiN-3.0-T-C-PE-NA-MB-VK01-M005-02;T-C-03-02
NiN-3.0-T-C-PE-NA-MB-VK01-M005-03;T-C-03-03
NiN-3.0-T-C-PE-NA-MB-VK02-M005-01;T-C-03-05
NiN-3.0-T-C-PE-NA-MB-VK02-M005-02;T-C-03-06
NiN-3.0-T-C-PE-NA-MB-VK02-M005-03;T-C-03-07
NiN-3.0-T-C-PE-NA-MB-VM01-M005-01;T-C-03-10
NiN-3.0-T-C-PE-NA-MB-VM01-M005-02;T-C-03-11
NiN-3.0-T-C-PE-NA-MB-VM01-M005-03;T-D-03-0
NiN-3.0-T-C-PE-NA-MB-VM01-M005-04;T-D-03-01
NiN-3.0-T-C-PE-NA-MB-VM01-M005-05;T-D-03-02
NiN-3.0-T-C-PE-NA-MB-VM01-M005-06;T-D-03-03
NiN-3.0-T-C-PE-NA-MB-VM02-M005-01;T-D-03-05
NiN-3.0-T-C-PE-NA-MB-VM03-M005-01;T-E-03-0
NiN-3.0-T-C-PE-NA-MB-VM04-M005-01;T-E-03-02
NiN-3.0-T-C-PE-NA-MB-VM05-M005-01;T-E-03-04
NiN-3.0-T-C-PE-NA-MB-VM06-M005-01;T-E-03-06
NiN-3.0-T-C-PE-NA-MB-VO01-M005-01;T-K-03-01
NiN-3.0-T-C-PE-NA-MB-IA01-M005-01;T-K-03-04
NiN-3.0-T-C-PE-NA-MB-IA01-M005-02;T-K-03-05
NiN-3.0-T-C-PE-NA-MB-IA01-M005-03;T-K-03-06
NiN-3.0-T-C-PE-NA-MB-IA01-M005-04;T-K-03-07
