M020-kode;M020-navn
NiN-3.0-T-C-PE-NA-MB-IA01-M020-01;varig snø og breoverflate
NiN-3.0-T-C-PE-NA-MB-IA01-M020-02;polar havis-overside
NiN-3.0-T-C-PE-NA-MB-LA01-M020-01;svært kalkfattig fast strandkant-innsjøbunn
NiN-3.0-T-C-PE-NA-MB-LA01-M020-02;noe kalkfattig fast strandkant-innsjøbunn
NiN-3.0-T-C-PE-NA-MB-LA01-M020-03;moderat kalkrik fast strandkant-innsjøbunn 
NiN-3.0-T-C-PE-NA-MB-LA01-M020-04;svært kalkrik fast strandkant-innsjøbunn
NiN-3.0-T-C-PE-NA-MB-LA01-M020-05;turbid eufotisk fast innsjøbunn
NiN-3.0-T-C-PE-NA-MB-LA02-M020-01;svært kalkfattig innsjø-sedimentbunn av silt til stein i strandkant og plantebeltet
NiN-3.0-T-C-PE-NA-MB-LA02-M020-02;noe kalkfattig innsjø-sedimentbunn av silt til stein i strandkant og plantebeltet
NiN-3.0-T-C-PE-NA-MB-LA02-M020-03;kalkfattig innsjø-sedimentbunn av blokker i strandkant og karplantebeltet
NiN-3.0-T-C-PE-NA-MB-LA02-M020-04;moderat kalkrik innsjø-sedimentbunn av silt til stein i strandkant og plantebeltet
NiN-3.0-T-C-PE-NA-MB-LA02-M020-05;svært kalkrik innsjø-sedimentbunn av silt til stein i strandkant og plantebeltet
NiN-3.0-T-C-PE-NA-MB-LA02-M020-06;kalkrik innsjø-sedimentbunn av leire i strandkant og karplantebelte
NiN-3.0-T-C-PE-NA-MB-LA02-M020-07;kalkrik innsjø-sedimentbunn av blokker i strandkant og karplantebeltet
NiN-3.0-T-C-PE-NA-MB-LA02-M020-08;turbid innsjø-sedimentbunn
NiN-3.0-T-C-PE-NA-MB-LA03-M020-01;svært kalkfattig afotisk innsjøbunn
NiN-3.0-T-C-PE-NA-MB-LA03-M020-02;noe kalkfattig afotisk innsjøbunn
NiN-3.0-T-C-PE-NA-MB-LA03-M020-03;kalkrik afotisk innsjøbunn
NiN-3.0-T-C-PE-NA-MB-LB01-M020-01;kalkfattig helofytt-ferskvannssump
NiN-3.0-T-C-PE-NA-MB-LB01-M020-02;moderat kalkrik helofytt-ferskvannssump
NiN-3.0-T-C-PE-NA-MB-LB01-M020-03;svært kalkrik helofytt-ferskvannssump
NiN-3.0-T-C-PE-NA-MB-LB02-M020-01;kalkfattig undervannseng i innsjø
NiN-3.0-T-C-PE-NA-MB-LB02-M020-02;moderat kalkrik undervannseng i innsjø
NiN-3.0-T-C-PE-NA-MB-LB02-M020-03;svært kalkrik undervannseng i innsjø
NiN-3.0-T-C-PE-NA-MB-LC01-M020-01;kalkfattig flarkgjøl-bunn på fast torv 
NiN-3.0-T-C-PE-NA-MB-LC01-M020-02;kalkrik flarkgjøl-bunn på fast torv 
NiN-3.0-T-C-PE-NA-MB-LC01-M020-03;høljegjøl-bunn på fast torv 
NiN-3.0-T-C-PE-NA-MB-LC02-M020-01;svært kalkfattig innsjøbunn av dy og gytje
NiN-3.0-T-C-PE-NA-MB-LC02-M020-02;noe kalkfattig innsjøbunn av dy og gytje
NiN-3.0-T-C-PE-NA-MB-LC02-M020-03;moderat kalkrik innsjøbunn av dy og gytje
NiN-3.0-T-C-PE-NA-MB-LC02-M020-04;svært kalkrik innsjøbunn av dy og gytje
NiN-3.0-T-C-PE-NA-MB-LC03-M020-01;kalkfattig innsjøbunn av grovt organisk materiale
NiN-3.0-T-C-PE-NA-MB-LC03-M020-02;kalkrik innsjøbunn av grovt organisk materiale
NiN-3.0-T-C-PE-NA-MB-LC04-M020-01;innsjøbunn med periodisk oksygenmangel
NiN-3.0-T-C-PE-NA-MB-LC04-M020-02;anoksisk innsjøbunn med gammelt havvann
NiN-3.0-T-C-PE-NA-MB-LC04-M020-03;anoksisk innsjøbunn betinget av saltholdig kildevann
NiN-3.0-T-C-PE-NA-MB-LC04-M020-04;anoksisk innsjøbunn betinget av jernholdig vann
NiN-3.0-T-C-PE-NA-MB-LC04-M020-05;anoksisk innsjøbunn betinget av kalkrikt vann
NiN-3.0-T-C-PE-NA-MB-LC04-M020-06;anoksisk innsjøbunn betinget av humusrikt vann
NiN-3.0-T-C-PE-NA-MB-LC04-M020-07;anoksisk innsjøbunn betinget av svovelrikt vann
NiN-3.0-T-C-PE-NA-MB-LC05-M020-01;breoverflate-innsjøbunn
NiN-3.0-T-C-PE-NA-MB-LC05-M020-02;havis-overflate-innsjøbunn
NiN-3.0-T-C-PE-NA-MB-LC06-M020-01;markert naturlig gjødslingspreget innsjøbunn
NiN-3.0-T-C-PE-NA-MB-LC06-M020-02;svært sterkt og disruptivt naturlig gjødslingspreget innsjøbunn
NiN-3.0-T-C-PE-NA-MB-LG01-M020-01;ny innsjøbunn
NiN-3.0-T-C-PE-NA-MB-LJ01-M020-01;klart endret innsjøbunn preget av næringsstoff-overbelastning
NiN-3.0-T-C-PE-NA-MB-LM01-M020-01;sterkt endret ny fast eller syntetisk innsjøbunn
NiN-3.0-T-C-PE-NA-MB-LM01-M020-02;kalkfattig ny innsjø-sedimentbunn
NiN-3.0-T-C-PE-NA-MB-LM01-M020-03;kalkrik ny innsjø-sedimentbunn 
NiN-3.0-T-C-PE-NA-MB-LM02-M020-01;kalkfattig ny innsjøbunn fra elvebunn
NiN-3.0-T-C-PE-NA-MB-LM02-M020-02;kalkrik ny innsjøbunn fra elvebunn
NiN-3.0-T-C-PE-NA-MB-LM03-M020-01;kalkfattig ny innsjøbunn fra våtmarkssystemer
NiN-3.0-T-C-PE-NA-MB-LM03-M020-02;kalkrik ny innsjøbunn fra våtmarkssystemer
NiN-3.0-T-C-PE-NA-MB-LM04-M020-01;kalkfattig kronisk fysisk forstyrret innsjøbunn
NiN-3.0-T-C-PE-NA-MB-LM04-M020-02;kalkrik kronisk fysisk forstyrret innsjøbunn
NiN-3.0-T-C-PE-NA-MB-LM04-M020-03;reguleringssone i innsjø
NiN-3.0-T-C-PE-NA-MB-LM05-M020-01;kronisk kjemisk påvirket innsjøbunn 
NiN-3.0-T-C-PE-NA-MB-LM05-M020-02;kronisk saltpåvirket innsjøbunn 
NiN-3.0-T-C-PE-NA-MB-LM05-M020-03;kronisk forsuret eller eutrofiert innsjøbunn 
NiN-3.0-T-C-PE-NA-MB-LM05-M020-04;kronisk forsuret fast innsjøbunn 
NiN-3.0-T-C-PE-NA-MB-MA01-M020-01;beskyttet til moderat eksponert fast saltvanns-fjærebeltebunn
NiN-3.0-T-C-PE-NA-MB-MA01-M020-02;ganske til ekstremt eksponert fast saltvanns-fjærebeltebunn
NiN-3.0-T-C-PE-NA-MB-MA02-M020-01;beskyttet fast saltvannsbunn og bergvegg ovenfor rødalgebeltet
NiN-3.0-T-C-PE-NA-MB-MA02-M020-02;moderat til ganske eksponert saltvannsbunn og bergvegg ovenfor rødalgebeltet
NiN-3.0-T-C-PE-NA-MB-MA02-M020-03;svært til ekstremt eksponert fast saltvannsbunn ovenfor rødalgebeltet
NiN-3.0-T-C-PE-NA-MB-MA02-M020-04;beskyttet saltvannsbunn og bergvegg i rødalgebeltet
NiN-3.0-T-C-PE-NA-MB-MA02-M020-05;moderat til ganske eksponert fast saltvannsbunn og bergvegg i rødalgebeltet
NiN-3.0-T-C-PE-NA-MB-MA02-M020-06;moderat til ganske eksponert saltvanns-fastbunn med store hulrom ovenfor rødalgebeltet
NiN-3.0-T-C-PE-NA-MB-MA02-M020-07;moderat til ganske eksponert saltvanns-fastbunn med store hulrom i rødalgebeltet
NiN-3.0-T-C-PE-NA-MB-MA02-M020-08;svært til ekstremt eksponert eufotisk saltvanns-fastbunn med store hulrom
NiN-3.0-T-C-PE-NA-MB-MA03-M020-01;beskyttet afotisk fastbunn i kystvann
NiN-3.0-T-C-PE-NA-MB-MA03-M020-02;eksponert afotisk fastbunn i kystvann
NiN-3.0-T-C-PE-NA-MB-MA03-M020-03;beskyttet afotisk fastbunn i atlantisk vann
NiN-3.0-T-C-PE-NA-MB-MA03-M020-04;litt beskyttet til litt eksponert afotisk fastbunn i atlantisk vann
NiN-3.0-T-C-PE-NA-MB-MA03-M020-05;beskyttet fastbunn i intermediært vann
NiN-3.0-T-C-PE-NA-MB-MA03-M020-06;litt beskyttet til litt eksponert fastbunn i intermediært vann
NiN-3.0-T-C-PE-NA-MB-MA03-M020-07;beskyttet fastbunn i dyphavsvann
NiN-3.0-T-C-PE-NA-MB-MA03-M020-08;litt beskyttet til litt eksponert fastbunn i dyphavsvann
NiN-3.0-T-C-PE-NA-MB-MA03-M020-09;beskyttet afotisk fastbunn i arktisk vann
NiN-3.0-T-C-PE-NA-MB-MA03-M020-10;litt beskyttet til litt eksponert afotisk fastbunn i arktisk vann
NiN-3.0-T-C-PE-NA-MB-MA04-M020-01;finmaterialfattig uorganisk sand, skjellsand, rugl- og grusbunn i fjærebeltet
NiN-3.0-T-C-PE-NA-MB-MA04-M020-02;finmaterialfattig uorganisk steinbunn i fjærebeltet
NiN-3.0-T-C-PE-NA-MB-MA04-M020-03;noe finmaterialrik marin sand- til grusbunn i nedre vannstrandbelte
NiN-3.0-T-C-PE-NA-MB-MA04-M020-04;finmaterialrik til -dominert uorganisk marin leire- til siltbunn i hydrolittoral til nederste geolittoral
NiN-3.0-T-C-PE-NA-MB-MA04-M020-05;noe finmaterialrik uorganisk marin sand- til grusbunn i øvre vannstrandbelte til midtre landstrandbelte
NiN-3.0-T-C-PE-NA-MB-MA04-M020-06;fjærebeltebunn av konsolidert leire
NiN-3.0-T-C-PE-NA-MB-MA05-M020-01;finmaterialfattig eufotisk saltvanns-sedimentbunn av sand- skjellsand, grus eller rugl
NiN-3.0-T-C-PE-NA-MB-MA05-M020-02;finmaterialfattig eufotisk saltvanns-sedimentbunn av stein
NiN-3.0-T-C-PE-NA-MB-MA05-M020-03;noe finmaterialrik eufotisk saltvanns-sedimentbunn av sand- og grus
NiN-3.0-T-C-PE-NA-MB-MA05-M020-04; eufotisk saltvanns-sedimentbunn av leire, silt dy- og gytje eller myrtorv
NiN-3.0-T-C-PE-NA-MB-MA05-M020-05;eufotisk saltvanns-sedimentbunn av konsolidert leire
NiN-3.0-T-C-PE-NA-MB-MA06-M020-01;afotisk finmaterialfattig til noe rik uorganisk sedimentbunn i kystvann
NiN-3.0-T-C-PE-NA-MB-MA06-M020-02;afotisk finmaterialrik til -dominert dy- og gytjebunn i kystvann
NiN-3.0-T-C-PE-NA-MB-MA06-M020-03;afotisk finmaterialfattig til noe rik uorganisk sedimentbunn i atlantisk vann
NiN-3.0-T-C-PE-NA-MB-MA06-M020-04;afotisk finmaterialrik til -dominert dy- og gytjebunn i atlantisk vann
NiN-3.0-T-C-PE-NA-MB-MA06-M020-05;finmaterialfattig til noe rik uorganisk sedimentbunn i intermediært vann
NiN-3.0-T-C-PE-NA-MB-MA06-M020-06;finmaterialrik til -dominert dy- og gytjebunn i intermediært vann
NiN-3.0-T-C-PE-NA-MB-MA06-M020-07;finmaterialfattig til noe rik uorganisk sedimentbunn i dyphavsvann
NiN-3.0-T-C-PE-NA-MB-MA06-M020-08;finmaterialrik til -dominert dy- og gytjebunn i dyphavsvann
NiN-3.0-T-C-PE-NA-MB-MA06-M020-09;afotisk finmaterialfattig til noe -rik uorganisk sedimentbunn i arktisk vann
NiN-3.0-T-C-PE-NA-MB-MA06-M020-10;afotisk finmaterialrik til -dominert dy- og gytjebunn i arktisk vann
NiN-3.0-T-C-PE-NA-MB-MA06-M020-11;afotisk satvannsbunn av konsolidert leire
NiN-3.0-T-C-PE-NA-MB-MA06-M020-12;overveiende uorganisk dyphavsvannssedimentbunn med abyssal næringstilførselsreduksjon
NiN-3.0-T-C-PE-NA-MB-MB01-M020-01;salt helofyttsump
NiN-3.0-T-C-PE-NA-MB-MB01-M020-02;nokså brakk helofyttsump
NiN-3.0-T-C-PE-NA-MB-MB01-M020-03;ekstrembrakk helofyttsump
NiN-3.0-T-C-PE-NA-MB-MB02-M020-01;saltvanns-undervannseng
NiN-3.0-T-C-PE-NA-MB-MB03-M020-01;kysttilknyttet korallrev-bunn
NiN-3.0-T-C-PE-NA-MB-MB03-M020-02;havtilknyttet korallrev-bunn
NiN-3.0-T-C-PE-NA-MB-MC01-M020-01;nokså brakk fast fjærebeltebunn
NiN-3.0-T-C-PE-NA-MB-MC01-M020-02;ekstrembrakk fast fjærebeltebunn
NiN-3.0-T-C-PE-NA-MB-MC02-M020-01;godt beskyttet fast brakkvannsbunn og bergvegg ovenfor rødalgebeltet
NiN-3.0-T-C-PE-NA-MB-MC02-M020-02;eksponert fast brakkvannsbunn og bergvegg i eufotisk sone
NiN-3.0-T-C-PE-NA-MB-MC02-M020-03;bunn preget av trådalger i ekstrem-brakt vann ovenfor rødalgebeltet
NiN-3.0-T-C-PE-NA-MB-MC02-M020-04;eksponert fast bunn i ekstrem-brakt vann ovenfor rødalgebeltet
NiN-3.0-T-C-PE-NA-MB-MC03-M020-01;permanent littoralbassengbunn i geolittoral
NiN-3.0-T-C-PE-NA-MB-MC03-M020-02;permanent litoralbassengbunn i supralittoral 
NiN-3.0-T-C-PE-NA-MB-MC03-M020-03;temporært litoralbassengbunn i supralittoral 
NiN-3.0-T-C-PE-NA-MB-MC04-M020-01;nokså brakk finmaterialfattig og noe rik bunn av uorganisk substrat
NiN-3.0-T-C-PE-NA-MB-MC04-M020-02;nokså brakk finmaterialrik bunn av uorganisk substrat
NiN-3.0-T-C-PE-NA-MB-MC04-M020-03;ekstrembrakk finmaterialfattig og noe rik bunn av uorganisk substrat
NiN-3.0-T-C-PE-NA-MB-MC04-M020-04;ekstrembrakk finmaterialrik bunn av uorganisk substrat
NiN-3.0-T-C-PE-NA-MB-MC04-M020-05;ekstrembrakk vært kalkrik dy- og gytjebunn
NiN-3.0-T-C-PE-NA-MB-MC04-M020-06;brakkvannsbunn preget av disruptiv sedimentasjon
NiN-3.0-T-C-PE-NA-MB-MC05-M020-01;marine grotter og overheng i øvre sjøkantbelte
NiN-3.0-T-C-PE-NA-MB-MC05-M020-02;marine grotter og overheng under øvre sjøkantbelte
NiN-3.0-T-C-PE-NA-MB-MC06-M020-01;vann- og gassførende kald havkilde i atlantisk vann
NiN-3.0-T-C-PE-NA-MB-MC06-M020-02;mudderførende kald havkilde i atlantisk vann
NiN-3.0-T-C-PE-NA-MB-MC06-M020-03;vann- og gassførende kald havkilde i intermediært vann
NiN-3.0-T-C-PE-NA-MB-MC06-M020-04;mudderførende kald havkilde i intermediært vann
NiN-3.0-T-C-PE-NA-MB-MC06-M020-05;vann- og gassførende kald havkilde i dyphavsvann
NiN-3.0-T-C-PE-NA-MB-MC07-M020-01;litt til klart jordvarmepåvirket varm havkilde
NiN-3.0-T-C-PE-NA-MB-MC07-M020-02;temmelig til sterkt jordvarmepåvirket varm havkilde
NiN-3.0-T-C-PE-NA-MB-MC07-M020-03;svært sterkt til disruptivt jordvarmepåvirket varm havkilde
NiN-3.0-T-C-PE-NA-MB-MC08-M020-01;eufotisk periodisk oksygenfri marin bunn
NiN-3.0-T-C-PE-NA-MB-MC08-M020-02;eufotisk oksygenfri marin bunn
NiN-3.0-T-C-PE-NA-MB-MC08-M020-03;afotisk periodisk oksygenfri marin bunn
NiN-3.0-T-C-PE-NA-MB-MC08-M020-04;afotisk oksygenfri marin bunn
NiN-3.0-T-C-PE-NA-MB-MC09-M020-01;temmelig til normalsalt havisbunn
NiN-3.0-T-C-PE-NA-MB-MC09-M020-02;brakkvannspreget havisbunn
NiN-3.0-T-C-PE-NA-MB-MC10-M020-01;havis-underside
NiN-3.0-T-C-PE-NA-MB-MF01-M020-01;undervannseng i nokså brakt vann
NiN-3.0-T-C-PE-NA-MB-MF01-M020-02;undervannseng i ekstrembrakt vann
NiN-3.0-T-C-PE-NA-MB-MJ01-M020-01;taretrålingsbunn
NiN-3.0-T-C-PE-NA-MB-MM01-M020-01;sterkt endret eller ny fast marin bunn og -berg i øvre sjøkantbelte
NiN-3.0-T-C-PE-NA-MB-MM01-M020-02;sterkt endret eller ny fast marin bunn og -berg i nedre sjøkantbelte til rødalgebeltet
NiN-3.0-T-C-PE-NA-MB-MM01-M020-03;sterkt endret eller ny fast marin bunn og -berg i afotisk sone
NiN-3.0-T-C-PE-NA-MB-MM01-M020-04;sterkt endret eller ny uorganisk marin bunn
NiN-3.0-T-C-PE-NA-MB-MM01-M020-05;sterkt endret eller ny marin bunn av dy og gyttje
NiN-3.0-T-C-PE-NA-MB-MM02-M020-01;sterkt endret fast marin bunn og -berg preget av kronisk kjemisk påvirkning
NiN-3.0-T-C-PE-NA-MB-MM02-M020-02;sterkt endret marin bunn av uorganisk substtrat preget av kronisk kjemisk påvirkning
NiN-3.0-T-C-PE-NA-MB-OA01-M020-01;ekstremt kalkfattig fastbunn i klar elv
NiN-3.0-T-C-PE-NA-MB-OA01-M020-02;svært kalkfattig fastbunn i klar elv
NiN-3.0-T-C-PE-NA-MB-OA01-M020-03;noe kalkfattig fastbunn i klar elv
NiN-3.0-T-C-PE-NA-MB-OA01-M020-04;moderat kalkrik fastbunn i klar elv
NiN-3.0-T-C-PE-NA-MB-OA01-M020-05;svært kalkrik fastbunn i klar elv
NiN-3.0-T-C-PE-NA-MB-OA01-M020-06;ekstremt og svært kalkfattig fastbunn i humøs elv
NiN-3.0-T-C-PE-NA-MB-OA01-M020-07;noe kalkfattig og kalkrik fastbunn i humøs elv
NiN-3.0-T-C-PE-NA-MB-OA01-M020-08;turbid fast elvebunn
NiN-3.0-T-C-PE-NA-MB-OA02-M020-01;svært til ekstremt kalkfattig silt til grusbunn i klar elv
NiN-3.0-T-C-PE-NA-MB-OA02-M020-02;ekstremt kalkfattig steinbunn i klar elv
NiN-3.0-T-C-PE-NA-MB-OA02-M020-03;svært kalkfattig steinbunn i klar elv
NiN-3.0-T-C-PE-NA-MB-OA02-M020-04;noe kalkfattig til kalkrik silt- til grusbunn i klar elv
NiN-3.0-T-C-PE-NA-MB-OA02-M020-05;noe kalkfattig steinbunn i klar elv
NiN-3.0-T-C-PE-NA-MB-OA02-M020-06;kalkrik steinbunn i klar elv
NiN-3.0-T-C-PE-NA-MB-OA02-M020-07;silt- til grusbunn i humøs elv
NiN-3.0-T-C-PE-NA-MB-OA02-M020-08;steinbunn i humøs elv
NiN-3.0-T-C-PE-NA-MB-OA02-M020-09;noe kalkfattig steinbunn i humøs elv
NiN-3.0-T-C-PE-NA-MB-OA02-M020-10;kalkrik steinbunn i humøs elv
NiN-3.0-T-C-PE-NA-MB-OA02-M020-11;utstrømspåvirket svært til ekstremt kalkfattig elvebunn
NiN-3.0-T-C-PE-NA-MB-OA02-M020-12;utstrømspåvirket noe kalkfattig til kalkrik elvebunn
NiN-3.0-T-C-PE-NA-MB-OA02-M020-13;turbid elvesedimentbunn
NiN-3.0-T-C-PE-NA-MB-OB01-M020-01;kalkfattig undervannseng i elv
NiN-3.0-T-C-PE-NA-MB-OB01-M020-02;kalkrik undervannseng i elv
NiN-3.0-T-C-PE-NA-MB-OC01-M020-01;kalkfattig svak ferskvannskildebunn
NiN-3.0-T-C-PE-NA-MB-OC01-M020-02;kalkfattig sterk ferskvannskildebunn
NiN-3.0-T-C-PE-NA-MB-OC02-M020-01;silt- til steinbunn i varm ferskvannskilde
NiN-3.0-T-C-PE-NA-MB-OC02-M020-02;stein- til storblokket bunn i varm ferskvannskilde
NiN-3.0-T-C-PE-NA-MB-OC02-M020-03;svovelpåvirket bunn i varm ferskvannskilde
NiN-3.0-T-C-PE-NA-MB-OC03-M020-01;kalkfattig dy- og gytjebunn i elv
NiN-3.0-T-C-PE-NA-MB-OC03-M020-02;kalkrik dy- og gytjebunn i elv
NiN-3.0-T-C-PE-NA-MB-OG01-M020-01;ny elvebunn
NiN-3.0-T-C-PE-NA-MB-OM01-M020-01;kalkfattig kronisk fysisk forstyrret elvebunn
NiN-3.0-T-C-PE-NA-MB-OM01-M020-02;kalkrik kronisk fysisk forstyrret elvebunn
NiN-3.0-T-C-PE-NA-MB-OM01-M020-03;turbid minstevannførings-strekning i elv 
NiN-3.0-T-C-PE-NA-MB-OM02-M020-01;kronisk kjemisk påvirket elvebunn
NiN-3.0-T-C-PE-NA-MB-OM02-M020-02;kronisk forsuret elvebunn
NiN-3.0-T-C-PE-NA-MB-TA01-M020-01;svært til noe kalkfattig nakent berg
NiN-3.0-T-C-PE-NA-MB-TA01-M020-02;noe kalkrikt nakent berg
NiN-3.0-T-C-PE-NA-MB-TA01-M020-03;klart til ekstremt kalkrikt nakent berg
NiN-3.0-T-C-PE-NA-MB-TA02-M020-01;kalkfattig åpen grunnlendt mark
NiN-3.0-T-C-PE-NA-MB-TA02-M020-02;intermediær til litt kalkrik åpen grunnlendt mark
NiN-3.0-T-C-PE-NA-MB-TA02-M020-03;temmelig til ekstremt kalkrik åpen grunnlendt mark
NiN-3.0-T-C-PE-NA-MB-TA03-M020-01;kalkfattig leside
NiN-3.0-T-C-PE-NA-MB-TA03-M020-02;intermediær til litt kalkrik leside
NiN-3.0-T-C-PE-NA-MB-TA03-M020-03;temmelig til ekstremt kalkrik leside
NiN-3.0-T-C-PE-NA-MB-TA03-M020-04;kalkfattig fjell-lavhei og -lynghei
NiN-3.0-T-C-PE-NA-MB-TA03-M020-05;intermediær til litt kalkrik fjell-lavhei og -lynghei
NiN-3.0-T-C-PE-NA-MB-TA03-M020-06;temmelig til ekstremt kalkrik fjell-lavhei og -lynghei
NiN-3.0-T-C-PE-NA-MB-TA03-M020-07;saltanriket fjell-lavhei og -lynghei
NiN-3.0-T-C-PE-NA-MB-TA04-M020-01;kalkfattig arktisk-alpin grasmark
NiN-3.0-T-C-PE-NA-MB-TA04-M020-02;intermediær til litt kalkrik arktisk-alpin grasmark
NiN-3.0-T-C-PE-NA-MB-TA04-M020-03;temmelig til ekstremt kalkrik arktisk-alpin grasmark
NiN-3.0-T-C-PE-NA-MB-TB01-M020-01;blåbær-bærlyngskog
NiN-3.0-T-C-PE-NA-MB-TB01-M020-02;lågurt-bærlyng-lågurtskog
NiN-3.0-T-C-PE-NA-MB-TB01-M020-03;frisk kalkskog og kalk-bærlyngskog
NiN-3.0-T-C-PE-NA-MB-TB01-M020-04;lyng- og lavskog
NiN-3.0-T-C-PE-NA-MB-TB01-M020-05;lyng- og lav-lågurtskog
NiN-3.0-T-C-PE-NA-MB-TB01-M020-06;kalklyng- og kalklavskog
NiN-3.0-T-C-PE-NA-MB-TC01-M020-01;kalkfattig til litt kalkrikt strandberg
NiN-3.0-T-C-PE-NA-MB-TC01-M020-02;sterkt kalkrikt strandberg
NiN-3.0-T-C-PE-NA-MB-TC02-M020-01;knapt uttørkingseksponert kalkfattig grotte og overheng
NiN-3.0-T-C-PE-NA-MB-TC02-M020-02;knapt uttørkingseksponert intermediært til litt kalkrik grotte og overheng
NiN-3.0-T-C-PE-NA-MB-TC02-M020-03;knapt uttørkingseksponert sterkt kalkrik grotte og overheng
NiN-3.0-T-C-PE-NA-MB-TC02-M020-04;uttørkingseksponert kalkfattig overheng
NiN-3.0-T-C-PE-NA-MB-TC02-M020-05;uttørkingseksponert intermediært til litt kalkrikt overheng
NiN-3.0-T-C-PE-NA-MB-TC02-M020-06;uttørkingseksponert sterkt kalkrikt overheng
NiN-3.0-T-C-PE-NA-MB-TC03-M020-01;leirestrand i geolittoral
NiN-3.0-T-C-PE-NA-MB-TC03-M020-02;siltstrand i geolittoral
NiN-3.0-T-C-PE-NA-MB-TC03-M020-03;sand-, skjellsand-, grus-, og ruglebunn-strand i geo- til supralittoral
NiN-3.0-T-C-PE-NA-MB-TC03-M020-04;stein- til blokkstrand i geo- til supralittoral
NiN-3.0-T-C-PE-NA-MB-TC03-M020-05;storblokket strand i geo- til supralittoral
NiN-3.0-T-C-PE-NA-MB-TC04-M020-01;saltanrikningsmark
NiN-3.0-T-C-PE-NA-MB-TC05-M020-01;strandeng
NiN-3.0-T-C-PE-NA-MB-TC05-M020-02;brakkvanns-strandeng
NiN-3.0-T-C-PE-NA-MB-TC06-M020-01;fuglefjell-eng
NiN-3.0-T-C-PE-NA-MB-TC07-M020-01;fugletopp
NiN-3.0-T-C-PE-NA-MB-TC08-M020-01;kalkfattig moderat til seint snøleie
NiN-3.0-T-C-PE-NA-MB-TC08-M020-02;intermediært til litt kalkrikt moderat til seint snøleie
NiN-3.0-T-C-PE-NA-MB-TC08-M020-03;sterkt kalkrikt moderat til seint snøleie
NiN-3.0-T-C-PE-NA-MB-TC08-M020-04;fattig til litt kalkrikt ekstrem-snøleie
NiN-3.0-T-C-PE-NA-MB-TC08-M020-05;sterkt kalkrikt ekstrem-snøleie
NiN-3.0-T-C-PE-NA-MB-TD01-M020-01;kalkfattig sand- og grus-rasmark
NiN-3.0-T-C-PE-NA-MB-TD01-M020-02;intermediær til litt kalkrik sand- og grus-rasmark
NiN-3.0-T-C-PE-NA-MB-TD01-M020-03;sterkt kalkrik sand- og grus-rasmark
NiN-3.0-T-C-PE-NA-MB-TD01-M020-04;kalkfattig stein til storblokket rasmark
NiN-3.0-T-C-PE-NA-MB-TD01-M020-05;intermediær til litt kalkrik stein til storblokket rasmark
NiN-3.0-T-C-PE-NA-MB-TD01-M020-06;sterkt kalkrik stein til storblokket rasmark
NiN-3.0-T-C-PE-NA-MB-TD01-M020-07;kalkfattig storblokket tørke-eksponert rasmark
NiN-3.0-T-C-PE-NA-MB-TD01-M020-08;intermediær til litt kalkrik storblokket tørke-eksponert rasmark
NiN-3.0-T-C-PE-NA-MB-TD01-M020-09;sterkt kalkrik storblokket tørke-eksponert rasmark
NiN-3.0-T-C-PE-NA-MB-TD02-M020-01;flomskredmark
NiN-3.0-T-C-PE-NA-MB-TD03-M020-01;kalkfattig rasmarkeng og -hei
NiN-3.0-T-C-PE-NA-MB-TD03-M020-02;intermediær til litt kalkrik rasmarkeng og -hei
NiN-3.0-T-C-PE-NA-MB-TD03-M020-03;klart kalkrik rasmarkeng og -hei
NiN-3.0-T-C-PE-NA-MB-TD04-M020-01;intermediær til litt kalkrik fosse-eng med fossestøv og -tåkepreg
NiN-3.0-T-C-PE-NA-MB-TD04-M020-02;klart kalkrik fosse-eng med fossestøv og -tåkepreg
NiN-3.0-T-C-PE-NA-MB-TD04-M020-03;intermediær til litt kalkrik fosse-eng med fosseyrpreg
NiN-3.0-T-C-PE-NA-MB-TD04-M020-04;klart kalkrik fosse-eng med fosseyrpreg
NiN-3.0-T-C-PE-NA-MB-TD05-M020-01;sterkt intermediær til litt kalkrik naturlig beitebetinget eng
NiN-3.0-T-C-PE-NA-MB-TD05-M020-02;klart kalkrik naturlig beitebetinget eng
NiN-3.0-T-C-PE-NA-MB-TD06-M020-01;kalkfattig rabbe
NiN-3.0-T-C-PE-NA-MB-TD06-M020-02;intermediær til litt kalkrik rabbe
NiN-3.0-T-C-PE-NA-MB-TD06-M020-03;klart kalkrik rabbe
NiN-3.0-T-C-PE-NA-MB-TD06-M020-04;saltanriket rabbe
NiN-3.0-T-C-PE-NA-MB-TE01-M020-01;embryonal- primær- og hvit dyne
NiN-3.0-T-C-PE-NA-MB-TE01-M020-02;grå og brun dyne
NiN-3.0-T-C-PE-NA-MB-TE01-M020-03;primær og hvit innlandsdyne
NiN-3.0-T-C-PE-NA-MB-TE01-M020-04;grå og brun innlandsdyne
NiN-3.0-T-C-PE-NA-MB-TE02-M020-01;leir- og siltskred
NiN-3.0-T-C-PE-NA-MB-TE02-M020-02;sandskred
NiN-3.0-T-C-PE-NA-MB-TE02-M020-03;grusskred
NiN-3.0-T-C-PE-NA-MB-TE03-M020-01;intermediær til sterkt kalkrik åpen leire- til grus-flomfastmark
NiN-3.0-T-C-PE-NA-MB-TE03-M020-02;intermediær til litt kalkrik åpen stein- og blokk-flomfastmark
NiN-3.0-T-C-PE-NA-MB-TE03-M020-03;sterkt kalkrik åpen stein- og blokk-flomfastmark
NiN-3.0-T-C-PE-NA-MB-TE04-M020-01;langvarig oversvømt flommark
NiN-3.0-T-C-PE-NA-MB-TE05-M020-01;kalkfattig oppfrysingsmark 
NiN-3.0-T-C-PE-NA-MB-TE05-M020-02;intermediær til litt kalkrik oppfrysingsmark
NiN-3.0-T-C-PE-NA-MB-TE05-M020-03;sterkt kalkrik oppfrysingsmark
NiN-3.0-T-C-PE-NA-MB-TE06-M020-01;marin driftvoll
NiN-3.0-T-C-PE-NA-MB-TE07-M020-01;feskvannsdriftvoll
NiN-3.0-T-C-PE-NA-MB-TE08-M020-01;intermediær til litt kalkrik flommarkseng
NiN-3.0-T-C-PE-NA-MB-TE08-M020-02;klart kalkrik flommarkseng
NiN-3.0-T-C-PE-NA-MB-TE09-M020-01;kalkfattig isinnfrysingsmark
NiN-3.0-T-C-PE-NA-MB-TE09-M020-02;intermediær til litt kalkrik isinnfrysingsmark
NiN-3.0-T-C-PE-NA-MB-TE09-M020-03;klart kalkrik isinnfrysingsmark
NiN-3.0-T-C-PE-NA-MB-TF01-M020-01;sandskogsmark
NiN-3.0-T-C-PE-NA-MB-TF01-M020-02;dyneskogsmark
NiN-3.0-T-C-PE-NA-MB-TF02-M020-01;ferskvanns-flomskogsmark
NiN-3.0-T-C-PE-NA-MB-TF02-M020-02;brakkvanns-flomskogsmark
NiN-3.0-T-C-PE-NA-MB-TG01-M020-01;udifferensierte stedegne grus-løsmasser
NiN-3.0-T-C-PE-NA-MB-TG01-M020-02;fjellhei-, leside- eller grasmarkspregede kalkfattige stedegne grus-løsmasser
NiN-3.0-T-C-PE-NA-MB-TG01-M020-03;fjellhei-, leside- eller grasmarkspregede intermediære til svakt kalkrike stedegne grus-løsmasser
NiN-3.0-T-C-PE-NA-MB-TG01-M020-04;fjellnatur-pregede sterkt kalkrike stedegne grus-løsmasser
NiN-3.0-T-C-PE-NA-MB-TG01-M020-05;udifferensiert stedegen stein- og blokkmark
NiN-3.0-T-C-PE-NA-MB-TG01-M020-06;rabbe- og snøleiepreget kalkfattig til svakt kalkrik stedegen stein- og blokkmark
NiN-3.0-T-C-PE-NA-MB-TG01-M020-07;rabbe- og snøleiepreget sterkt kalkrik stedegen stein- og blokkmark
NiN-3.0-T-C-PE-NA-MB-TG01-M020-08;moreneblokkmark
NiN-3.0-T-C-PE-NA-MB-TG01-M020-09;udifferensiert grus-, stein- og blokkstrand
NiN-3.0-T-C-PE-NA-MB-TG01-M020-10;rabbe- og grasmarkspreget  grus-, stein- og blokkstrand
NiN-3.0-T-C-PE-NA-MB-TG01-M020-11;skogsmarkspreget  grus-, stein- og blokkstrand
NiN-3.0-T-C-PE-NA-MB-TG01-M020-12;breforland og snøavsmeltingsområde
NiN-3.0-T-C-PE-NA-MB-TG01-M020-13;konsoliderte marine bresedimenter
NiN-3.0-T-C-PE-NA-MB-TG01-M020-14;historisk silt- og leirskred
NiN-3.0-T-C-PE-NA-MB-TG01-M020-15;historisk skred av sand og grus
NiN-3.0-T-C-PE-NA-MB-TG01-M020-16;historisk steinskred
NiN-3.0-T-C-PE-NA-MB-TG01-M020-17;historisk jordskred
NiN-3.0-T-C-PE-NA-MB-TG01-M020-18;synkehull i permafrost
NiN-3.0-T-C-PE-NA-MB-TG01-M020-19;flomskredmateriale
NiN-3.0-T-C-PE-NA-MB-TH01-M020-01;kalkfattig avskoget hei og eng i leside
NiN-3.0-T-C-PE-NA-MB-TH01-M020-02;intermediær til litt kalkrik avskoget hei og eng i leside
NiN-3.0-T-C-PE-NA-MB-TH01-M020-03;klart kalkrik avskoget hei og eng i leside
NiN-3.0-T-C-PE-NA-MB-TH01-M020-04;kalkfattig avskoget  fjell-lynghei og -lavhei
NiN-3.0-T-C-PE-NA-MB-TH01-M020-05;intermediær til litt kalkrik avskoget fjell-lynghei og -lavhei
NiN-3.0-T-C-PE-NA-MB-TH01-M020-06;klart kalkrik avskoget fjell-lynghei
NiN-3.0-T-C-PE-NA-MB-TI01-M020-01;grøftet eller markforstyrret klart endret ikke-kalkrik skog
NiN-3.0-T-C-PE-NA-MB-TI01-M020-02;grøftet eller markforstyrret klart endret kalkskog
NiN-3.0-T-C-PE-NA-MB-TI01-M020-03;hugd eller treslagstypeskiftet klart endret ikke-kalkrik skog 
NiN-3.0-T-C-PE-NA-MB-TI01-M020-04;hugd eller treslagstypeskiftet klart endret kalkskog
NiN-3.0-T-C-PE-NA-MB-TK01-M020-01;kalkfattig semi-naturlig eng med åpent tresjikt
NiN-3.0-T-C-PE-NA-MB-TK01-M020-02;svakt kalkrik semi-naturlig eng med åpent tresjikt
NiN-3.0-T-C-PE-NA-MB-TK01-M020-03;klart kalkrik semi-naturlig eng med åpent tresjikt
NiN-3.0-T-C-PE-NA-MB-TK01-M020-04;kalkfattig åpen semi-naturlig eng
NiN-3.0-T-C-PE-NA-MB-TK01-M020-05;svakt kalkrik åpen semi-naturlig eng
NiN-3.0-T-C-PE-NA-MB-TK01-M020-06;klart kalkrik åpen semi-naturlig eng
NiN-3.0-T-C-PE-NA-MB-TK01-M020-07;kalkrik åpen semi-naturlig eng på stabilisert sand
NiN-3.0-T-C-PE-NA-MB-TK02-M020-01;semi-naturlig strandeng
NiN-3.0-T-C-PE-NA-MB-TK03-M020-01;kalkfattig bakli-hei og kystlynghei
NiN-3.0-T-C-PE-NA-MB-TK03-M020-02;intermediær til litt kalkrik bakli-hei og kystlynghei
NiN-3.0-T-C-PE-NA-MB-TK03-M020-03;sterkt kalkrik kystlynghei
NiN-3.0-T-C-PE-NA-MB-TL01-M020-01;kalkfattig ny eng med semi-naturlig preg
NiN-3.0-T-C-PE-NA-MB-TL01-M020-02;intermediær til litt kalkrik ny eng med semi-naturlig preg
NiN-3.0-T-C-PE-NA-MB-TL01-M020-03;sterkt kalkrik ny eng med semi-naturlig preg
NiN-3.0-T-C-PE-NA-MB-TM01-M020-01;hard sterkt endret fastmark av lite modifisert substrat
NiN-3.0-T-C-PE-NA-MB-TM01-M020-02;hulrom i hard sterkt endret fastmark
NiN-3.0-T-C-PE-NA-MB-TM01-M020-03;hard sterkt endret fastmark av sterkt modifisert eller endret substrat
NiN-3.0-T-C-PE-NA-MB-TM02-M020-01;ny hard fastmark på tørrlagt innsjøbunn
NiN-3.0-T-C-PE-NA-MB-TM02-M020-02;ny hard fastmark på tørrlagt elvebunn
NiN-3.0-T-C-PE-NA-MB-TM03-M020-01;sterkt endret fastmark med dekke av jord eller blandet sediment
NiN-3.0-T-C-PE-NA-MB-TM03-M020-02;sterkt endret fastmark med dekke av leire til grus
NiN-3.0-T-C-PE-NA-MB-TM03-M020-03;sterkt endret fastmark med dekke av stein til stor blokk
NiN-3.0-T-C-PE-NA-MB-TM03-M020-04;sterkt endret fastmark av substrat preget av kjemisk påvirkning
NiN-3.0-T-C-PE-NA-MB-TM03-M020-05;sterkt endret fastmark av fint organisk avfall
NiN-3.0-T-C-PE-NA-MB-TM03-M020-06;sterkt endret fastmark av grovt organisk avfall
NiN-3.0-T-C-PE-NA-MB-TM03-M020-07;sterkt endret fastmark av  løst, sterkt modifisert eller syntetisk substrat
NiN-3.0-T-C-PE-NA-MB-TM03-M020-08;sterkt endret fastmark av ikke-konsolidert løst, sterkt modifisert eller syntetisk substrat
NiN-3.0-T-C-PE-NA-MB-TM04-M020-01;ny løs fastmark på tørrlagt innsjøbunn
NiN-3.0-T-C-PE-NA-MB-TM04-M020-02;ny løs fastmark på tørrlagt elvebunn
NiN-3.0-T-C-PE-NA-MB-TM05-M020-01;ny løs fastmark på drenert våtmark
NiN-3.0-T-C-PE-NA-MB-TM06-M020-01;sterkt endret skogsmark etter markinngrep
NiN-3.0-T-C-PE-NA-MB-TM06-M020-02;sterkt endret skogsmark i mellomsuksesjonsstadium
NiN-3.0-T-C-PE-NA-MB-TN01-M020-01;blomsterbed og annen hyppig bearbeidet mark
NiN-3.0-T-C-PE-NA-MB-TN02-M020-01;vegkanter, plener, parker og liknende med semi-naturlig hevdpreg
NiN-3.0-T-C-PE-NA-MB-TN03-M020-01;vegkanter, plener, parker og liknende uten semi-naturlig hevdpreg
NiN-3.0-T-C-PE-NA-MB-TO01-M020-01;åker
NiN-3.0-T-C-PE-NA-MB-TO02-M020-01;oppdyrket mark med semi-naturlig engpreg
NiN-3.0-T-C-PE-NA-MB-TO03-M020-01;oppdyrket varig eng
NiN-3.0-T-C-PE-NA-MB-TO04-M020-01;upløyd jordbruksmark med intensivt hevdpreg
NiN-3.0-T-C-PE-NA-MB-VA01-M020-01;svært kalkfattig til svakt intermediær mykmatte til øvre tuenivå
NiN-3.0-T-C-PE-NA-MB-VA01-M020-02;sterkt intermediær til litt kalkrikt mattenivå i myrkant til tuenivå
NiN-3.0-T-C-PE-NA-MB-VA01-M020-03;temmelig til ekstremt kalkrikt mattenivå i myrkant til nedre tuenivå
NiN-3.0-T-C-PE-NA-MB-VA01-M020-04;kalkrikt mattenivå i myrkant med saltpåvirkning
NiN-3.0-T-C-PE-NA-MB-VB01-M020-01;svært kalkfattig til svakt intermediær myr- og sumpskogsmark
NiN-3.0-T-C-PE-NA-MB-VB01-M020-02;sterkt intermediær til litt kalkrik myr- og sumpskogsmark
NiN-3.0-T-C-PE-NA-MB-VB01-M020-03;klart kalkrik myr- og sumpskogsmark
NiN-3.0-T-C-PE-NA-MB-VC01-M020-01;åpen nedbørsmyr uten permafrost
NiN-3.0-T-C-PE-NA-MB-VC01-M020-02;ombrotrof rabbepreget myrtue på permafrost
NiN-3.0-T-C-PE-NA-MB-VC02-M020-01;litt kalkfattig til litt kalkrik torvmarkskilde
NiN-3.0-T-C-PE-NA-MB-VC02-M020-02;klart kalkrik torvmarkskilde
NiN-3.0-T-C-PE-NA-MB-VC03-M020-01;litt kalkfattig til litt kalkrik grunnkilde
NiN-3.0-T-C-PE-NA-MB-VC03-M020-02;klart kalkrik grunnkilde
NiN-3.0-T-C-PE-NA-MB-VC04-M020-01;kalkfattig til litt rikt moderat våtsnøleie og kildepåvirket snøleie
NiN-3.0-T-C-PE-NA-MB-VC04-M020-02;sterkt kalkrikt våtsnøleie og kildepåvirket snøleie
NiN-3.0-T-C-PE-NA-MB-VC04-M020-03;kalkfattig til litt rike seine våtsnøleier og kilde-utgaver av snøleier
NiN-3.0-T-C-PE-NA-MB-VC04-M020-04;sterkt kalkrikt seine våtsnøleier og kilde-utgaver av snøleier
NiN-3.0-T-C-PE-NA-MB-VC05-M020-01;permafrost-våtmark
NiN-3.0-T-C-PE-NA-MB-VE01-M020-01; kalkfattig til litt rik oppfrysingsvåtmark
NiN-3.0-T-C-PE-NA-MB-VE01-M020-02;temmelig til ekstremt kalkrik oppfrysingsvåtmark
NiN-3.0-T-C-PE-NA-MB-VF01-M020-01;nedbørsmyr-skogsmark
NiN-3.0-T-C-PE-NA-MB-VF02-M020-01;kalkfattig til litt rik strandsumpskogsmark
NiN-3.0-T-C-PE-NA-MB-VF02-M020-02;kalkrik strandsumpskogsmark
NiN-3.0-T-C-PE-NA-MB-VF02-M020-03;kalkrik saltpåvirket strandsumpskogsmark
NiN-3.0-T-C-PE-NA-MB-VG01-M020-01;ny naturgitt torvmark med jordvannstilførsel eller kildepreg
NiN-3.0-T-C-PE-NA-MB-VG01-M020-02;ny naturgitt torvmark med innsjø- eller elvevannstilførsel
NiN-3.0-T-C-PE-NA-MB-VG02-M020-01;ny naturgitt grunn våtmark med jordvannstilførsel eller kildepreg
NiN-3.0-T-C-PE-NA-MB-VG02-M020-02;ny naturgitt grunn våtmark med innsjø- eller elvevannstilførsel
NiN-3.0-T-C-PE-NA-MB-VI01-M020-01;kalkfattig til litt kalkrik grøftet våtmarksskogsmark
NiN-3.0-T-C-PE-NA-MB-VI01-M020-02;kalkfattig til litt kalkrik våtmarksskogsmark med treslagsskifte eller tilplanting
NiN-3.0-T-C-PE-NA-MB-VI01-M020-03;temmelig til ekstremt kalkrik grøftet våtmarksskogsmark
NiN-3.0-T-C-PE-NA-MB-VI01-M020-04;temmelig til ekstremt kalkrik våtmarksskogsmark med treslagsskifte eller tilplanting
NiN-3.0-T-C-PE-NA-MB-VK01-M020-01;kalkfattig til intermediær semi-naturlig myr
NiN-3.0-T-C-PE-NA-MB-VK01-M020-02;kalkrik semi-naturlig myr
NiN-3.0-T-C-PE-NA-MB-VK02-M020-01;kalkfattig til litt kalkrik semi-naturlig våteng
NiN-3.0-T-C-PE-NA-MB-VK02-M020-02;klart kalkrik semi-naturlig våteng
NiN-3.0-T-C-PE-NA-MB-VM01-M020-01;kalkfattig til litt kalkrik grøftet jordvannsmyr
NiN-3.0-T-C-PE-NA-MB-VM01-M020-02;klart kalkrik grøftet jordvannsmyr
NiN-3.0-T-C-PE-NA-MB-VM01-M020-03;grøftet nedbørsmyr
NiN-3.0-T-C-PE-NA-MB-VM01-M020-04;jordvannsmyr-torvtak
NiN-3.0-T-C-PE-NA-MB-VM01-M020-05;nedbørsmyr-torvtak
NiN-3.0-T-C-PE-NA-MB-VM02-M020-01;ny torvmark på tidligere ferskvannsbunn
NiN-3.0-T-C-PE-NA-MB-VM03-M020-01;ny torvmark på menneskebetinget forsumpet fastmark
NiN-3.0-T-C-PE-NA-MB-VM04-M020-01;sterkt endret ikke torvproduserende våtmark
NiN-3.0-T-C-PE-NA-MB-VM05-M020-01;ny grunn våtmark på tidligere ferskvannsbunn
NiN-3.0-T-C-PE-NA-MB-VM06-M020-01;ny grunn våtmark på menneskebetinget forsumpet fastmark
NiN-3.0-T-C-PE-NA-MB-VO01-M020-01;sterkt tråkkpreget våtmark
