M020-kode;HTKode
NiN-3.0-T-C-PE-NA-MB-IA01-M020-01;I-A-01
NiN-3.0-T-C-PE-NA-MB-IA01-M020-02;I-A-01
NiN-3.0-T-C-PE-NA-MB-LA01-M020-01;L-A-01
NiN-3.0-T-C-PE-NA-MB-LA01-M020-02;L-A-01
NiN-3.0-T-C-PE-NA-MB-LA01-M020-03;L-A-01
NiN-3.0-T-C-PE-NA-MB-LA01-M020-04;L-A-01
NiN-3.0-T-C-PE-NA-MB-LA01-M020-05;L-A-01
NiN-3.0-T-C-PE-NA-MB-LA02-M020-01;L-A-02
NiN-3.0-T-C-PE-NA-MB-LA02-M020-02;L-A-02
NiN-3.0-T-C-PE-NA-MB-LA02-M020-03;L-A-02
NiN-3.0-T-C-PE-NA-MB-LA02-M020-04;L-A-02
NiN-3.0-T-C-PE-NA-MB-LA02-M020-05;L-A-02
NiN-3.0-T-C-PE-NA-MB-LA02-M020-06;L-A-02
NiN-3.0-T-C-PE-NA-MB-LA02-M020-07;L-A-02
NiN-3.0-T-C-PE-NA-MB-LA02-M020-08;L-A-02
NiN-3.0-T-C-PE-NA-MB-LA03-M020-01;L-A-03
NiN-3.0-T-C-PE-NA-MB-LA03-M020-02;L-A-03
NiN-3.0-T-C-PE-NA-MB-LA03-M020-03;L-A-03
NiN-3.0-T-C-PE-NA-MB-LB01-M020-01;L-B-01
NiN-3.0-T-C-PE-NA-MB-LB01-M020-02;L-B-01
NiN-3.0-T-C-PE-NA-MB-LB01-M020-03;L-B-01
NiN-3.0-T-C-PE-NA-MB-LB02-M020-01;L-B-02
NiN-3.0-T-C-PE-NA-MB-LB02-M020-02;L-B-02
NiN-3.0-T-C-PE-NA-MB-LB02-M020-03;L-B-02
NiN-3.0-T-C-PE-NA-MB-LC01-M020-01;L-C-01
NiN-3.0-T-C-PE-NA-MB-LC01-M020-02;L-C-01
NiN-3.0-T-C-PE-NA-MB-LC01-M020-03;L-C-01
NiN-3.0-T-C-PE-NA-MB-LC02-M020-01;L-C-02
NiN-3.0-T-C-PE-NA-MB-LC02-M020-02;L-C-02
NiN-3.0-T-C-PE-NA-MB-LC02-M020-03;L-C-02
NiN-3.0-T-C-PE-NA-MB-LC02-M020-04;L-C-02
NiN-3.0-T-C-PE-NA-MB-LC03-M020-01;L-C-03
NiN-3.0-T-C-PE-NA-MB-LC03-M020-02;L-C-03
NiN-3.0-T-C-PE-NA-MB-LC04-M020-01;L-C-04
NiN-3.0-T-C-PE-NA-MB-LC04-M020-02;L-C-04
NiN-3.0-T-C-PE-NA-MB-LC04-M020-03;L-C-04
NiN-3.0-T-C-PE-NA-MB-LC04-M020-04;L-C-04
NiN-3.0-T-C-PE-NA-MB-LC04-M020-05;L-C-04
NiN-3.0-T-C-PE-NA-MB-LC04-M020-06;L-C-04
NiN-3.0-T-C-PE-NA-MB-LC04-M020-07;L-C-04
NiN-3.0-T-C-PE-NA-MB-LC05-M020-01;L-C-05
NiN-3.0-T-C-PE-NA-MB-LC05-M020-02;L-C-05
NiN-3.0-T-C-PE-NA-MB-LC06-M020-01;L-C-06
NiN-3.0-T-C-PE-NA-MB-LC06-M020-02;L-C-06
NiN-3.0-T-C-PE-NA-MB-LG01-M020-01;L-G-01
NiN-3.0-T-C-PE-NA-MB-LJ01-M020-01;L-J-01
NiN-3.0-T-C-PE-NA-MB-LM01-M020-01;L-M-01
NiN-3.0-T-C-PE-NA-MB-LM01-M020-02;L-M-01
NiN-3.0-T-C-PE-NA-MB-LM01-M020-03;L-M-01
NiN-3.0-T-C-PE-NA-MB-LM02-M020-01;L-M-02
NiN-3.0-T-C-PE-NA-MB-LM02-M020-02;L-M-02
NiN-3.0-T-C-PE-NA-MB-LM03-M020-01;L-M-03
NiN-3.0-T-C-PE-NA-MB-LM03-M020-02;L-M-03
NiN-3.0-T-C-PE-NA-MB-LM04-M020-01;L-M-04
NiN-3.0-T-C-PE-NA-MB-LM04-M020-02;L-M-04
NiN-3.0-T-C-PE-NA-MB-LM04-M020-03;L-M-04
NiN-3.0-T-C-PE-NA-MB-LM05-M020-01;L-M-05
NiN-3.0-T-C-PE-NA-MB-LM05-M020-02;L-M-05
NiN-3.0-T-C-PE-NA-MB-LM05-M020-03;L-M-05
NiN-3.0-T-C-PE-NA-MB-LM05-M020-04;L-M-05
NiN-3.0-T-C-PE-NA-MB-MA01-M020-01;M-A-01
NiN-3.0-T-C-PE-NA-MB-MA01-M020-02;M-A-01
NiN-3.0-T-C-PE-NA-MB-MA02-M020-01;M-A-02
NiN-3.0-T-C-PE-NA-MB-MA02-M020-02;M-A-02
NiN-3.0-T-C-PE-NA-MB-MA02-M020-03;M-A-02
NiN-3.0-T-C-PE-NA-MB-MA02-M020-04;M-A-02
NiN-3.0-T-C-PE-NA-MB-MA02-M020-05;M-A-02
NiN-3.0-T-C-PE-NA-MB-MA02-M020-06;M-A-02
NiN-3.0-T-C-PE-NA-MB-MA02-M020-07;M-A-02
NiN-3.0-T-C-PE-NA-MB-MA02-M020-08;M-A-02
NiN-3.0-T-C-PE-NA-MB-MA03-M020-01;M-A-03
NiN-3.0-T-C-PE-NA-MB-MA03-M020-02;M-A-03
NiN-3.0-T-C-PE-NA-MB-MA03-M020-03;M-A-03
NiN-3.0-T-C-PE-NA-MB-MA03-M020-04;M-A-03
NiN-3.0-T-C-PE-NA-MB-MA03-M020-05;M-A-03
NiN-3.0-T-C-PE-NA-MB-MA03-M020-06;M-A-03
NiN-3.0-T-C-PE-NA-MB-MA03-M020-07;M-A-03
NiN-3.0-T-C-PE-NA-MB-MA03-M020-08;M-A-03
NiN-3.0-T-C-PE-NA-MB-MA03-M020-09;M-A-03
NiN-3.0-T-C-PE-NA-MB-MA03-M020-10;M-A-03
NiN-3.0-T-C-PE-NA-MB-MA04-M020-01;M-A-04
NiN-3.0-T-C-PE-NA-MB-MA04-M020-02;M-A-04
NiN-3.0-T-C-PE-NA-MB-MA04-M020-03;M-A-04
NiN-3.0-T-C-PE-NA-MB-MA04-M020-04;M-A-04
NiN-3.0-T-C-PE-NA-MB-MA04-M020-05;M-A-04
NiN-3.0-T-C-PE-NA-MB-MA04-M020-06;M-A-04
NiN-3.0-T-C-PE-NA-MB-MA05-M020-01;M-A-05
NiN-3.0-T-C-PE-NA-MB-MA05-M020-02;M-A-05
NiN-3.0-T-C-PE-NA-MB-MA05-M020-03;M-A-05
NiN-3.0-T-C-PE-NA-MB-MA05-M020-04;M-A-05
NiN-3.0-T-C-PE-NA-MB-MA05-M020-05;M-A-05
NiN-3.0-T-C-PE-NA-MB-MA06-M020-01;M-A-06
NiN-3.0-T-C-PE-NA-MB-MA06-M020-02;M-A-06
NiN-3.0-T-C-PE-NA-MB-MA06-M020-03;M-A-06
NiN-3.0-T-C-PE-NA-MB-MA06-M020-04;M-A-06
NiN-3.0-T-C-PE-NA-MB-MA06-M020-05;M-A-06
NiN-3.0-T-C-PE-NA-MB-MA06-M020-06;M-A-06
NiN-3.0-T-C-PE-NA-MB-MA06-M020-07;M-A-06
NiN-3.0-T-C-PE-NA-MB-MA06-M020-08;M-A-06
NiN-3.0-T-C-PE-NA-MB-MA06-M020-09;M-A-06
NiN-3.0-T-C-PE-NA-MB-MA06-M020-10;M-A-06
NiN-3.0-T-C-PE-NA-MB-MA06-M020-11;M-A-06
NiN-3.0-T-C-PE-NA-MB-MA06-M020-12;M-A-06
NiN-3.0-T-C-PE-NA-MB-MB01-M020-01;M-B-01
NiN-3.0-T-C-PE-NA-MB-MB01-M020-02;M-B-01
NiN-3.0-T-C-PE-NA-MB-MB01-M020-03;M-B-01
NiN-3.0-T-C-PE-NA-MB-MB02-M020-01;M-B-02
NiN-3.0-T-C-PE-NA-MB-MB03-M020-01;M-B-03
NiN-3.0-T-C-PE-NA-MB-MB03-M020-02;M-B-03
NiN-3.0-T-C-PE-NA-MB-MC01-M020-01;M-C-01
NiN-3.0-T-C-PE-NA-MB-MC01-M020-02;M-C-01
NiN-3.0-T-C-PE-NA-MB-MC02-M020-01;M-C-02
NiN-3.0-T-C-PE-NA-MB-MC02-M020-02;M-C-02
NiN-3.0-T-C-PE-NA-MB-MC02-M020-03;M-C-02
NiN-3.0-T-C-PE-NA-MB-MC02-M020-04;M-C-02
NiN-3.0-T-C-PE-NA-MB-MC03-M020-01;M-C-03
NiN-3.0-T-C-PE-NA-MB-MC03-M020-02;M-C-03
NiN-3.0-T-C-PE-NA-MB-MC03-M020-03;M-C-03
NiN-3.0-T-C-PE-NA-MB-MC04-M020-01;M-C-04
NiN-3.0-T-C-PE-NA-MB-MC04-M020-02;M-C-04
NiN-3.0-T-C-PE-NA-MB-MC04-M020-03;M-C-04
NiN-3.0-T-C-PE-NA-MB-MC04-M020-04;M-C-04
NiN-3.0-T-C-PE-NA-MB-MC04-M020-05;M-C-04
NiN-3.0-T-C-PE-NA-MB-MC04-M020-06;M-C-04
NiN-3.0-T-C-PE-NA-MB-MC05-M020-01;M-C-05
NiN-3.0-T-C-PE-NA-MB-MC05-M020-02;M-C-05
NiN-3.0-T-C-PE-NA-MB-MC06-M020-01;M-C-06
NiN-3.0-T-C-PE-NA-MB-MC06-M020-02;M-C-06
NiN-3.0-T-C-PE-NA-MB-MC06-M020-03;M-C-06
NiN-3.0-T-C-PE-NA-MB-MC06-M020-04;M-C-06
NiN-3.0-T-C-PE-NA-MB-MC06-M020-05;M-C-06
NiN-3.0-T-C-PE-NA-MB-MC07-M020-01;M-C-07
NiN-3.0-T-C-PE-NA-MB-MC07-M020-02;M-C-07
NiN-3.0-T-C-PE-NA-MB-MC07-M020-03;M-C-07
NiN-3.0-T-C-PE-NA-MB-MC08-M020-01;M-C-08
NiN-3.0-T-C-PE-NA-MB-MC08-M020-02;M-C-08
NiN-3.0-T-C-PE-NA-MB-MC08-M020-03;M-C-08
NiN-3.0-T-C-PE-NA-MB-MC08-M020-04;M-C-08
NiN-3.0-T-C-PE-NA-MB-MC09-M020-01;M-C-09
NiN-3.0-T-C-PE-NA-MB-MC09-M020-02;M-C-09
NiN-3.0-T-C-PE-NA-MB-MC10-M020-01;M-C-10
NiN-3.0-T-C-PE-NA-MB-MF01-M020-01;M-F-01
NiN-3.0-T-C-PE-NA-MB-MF01-M020-02;M-F-01
NiN-3.0-T-C-PE-NA-MB-MJ01-M020-01;M-J-01
NiN-3.0-T-C-PE-NA-MB-MM01-M020-01;M-M-01
NiN-3.0-T-C-PE-NA-MB-MM01-M020-02;M-M-01
NiN-3.0-T-C-PE-NA-MB-MM01-M020-03;M-M-01
NiN-3.0-T-C-PE-NA-MB-MM01-M020-04;M-M-01
NiN-3.0-T-C-PE-NA-MB-MM01-M020-05;M-M-01
NiN-3.0-T-C-PE-NA-MB-MM02-M020-01;M-M-02
NiN-3.0-T-C-PE-NA-MB-MM02-M020-02;M-M-02
NiN-3.0-T-C-PE-NA-MB-OA01-M020-01;O-A-01
NiN-3.0-T-C-PE-NA-MB-OA01-M020-02;O-A-01
NiN-3.0-T-C-PE-NA-MB-OA01-M020-03;O-A-01
NiN-3.0-T-C-PE-NA-MB-OA01-M020-04;O-A-01
NiN-3.0-T-C-PE-NA-MB-OA01-M020-05;O-A-01
NiN-3.0-T-C-PE-NA-MB-OA01-M020-06;O-A-01
NiN-3.0-T-C-PE-NA-MB-OA01-M020-07;O-A-01
NiN-3.0-T-C-PE-NA-MB-OA01-M020-08;O-A-01
NiN-3.0-T-C-PE-NA-MB-OA02-M020-01;O-A-02
NiN-3.0-T-C-PE-NA-MB-OA02-M020-02;O-A-02
NiN-3.0-T-C-PE-NA-MB-OA02-M020-03;O-A-02
NiN-3.0-T-C-PE-NA-MB-OA02-M020-04;O-A-02
NiN-3.0-T-C-PE-NA-MB-OA02-M020-05;O-A-02
NiN-3.0-T-C-PE-NA-MB-OA02-M020-06;O-A-02
NiN-3.0-T-C-PE-NA-MB-OA02-M020-07;O-A-02
NiN-3.0-T-C-PE-NA-MB-OA02-M020-08;O-A-02
NiN-3.0-T-C-PE-NA-MB-OA02-M020-09;O-A-02
NiN-3.0-T-C-PE-NA-MB-OA02-M020-10;O-A-02
NiN-3.0-T-C-PE-NA-MB-OA02-M020-11;O-A-02
NiN-3.0-T-C-PE-NA-MB-OA02-M020-12;O-A-02
NiN-3.0-T-C-PE-NA-MB-OA02-M020-13;O-A-02
NiN-3.0-T-C-PE-NA-MB-OB01-M020-01;O-B-01
NiN-3.0-T-C-PE-NA-MB-OB01-M020-02;O-B-01
NiN-3.0-T-C-PE-NA-MB-OC01-M020-01;O-C-01
NiN-3.0-T-C-PE-NA-MB-OC01-M020-02;O-C-01
NiN-3.0-T-C-PE-NA-MB-OC02-M020-01;O-C-02
NiN-3.0-T-C-PE-NA-MB-OC02-M020-02;O-C-02
NiN-3.0-T-C-PE-NA-MB-OC02-M020-03;O-C-02
NiN-3.0-T-C-PE-NA-MB-OC03-M020-01;O-C-03
NiN-3.0-T-C-PE-NA-MB-OC03-M020-02;O-C-03
NiN-3.0-T-C-PE-NA-MB-OG01-M020-01;O-G-01
NiN-3.0-T-C-PE-NA-MB-OM01-M020-01;O-M-01
NiN-3.0-T-C-PE-NA-MB-OM01-M020-02;O-M-01
NiN-3.0-T-C-PE-NA-MB-OM01-M020-03;O-M-01
NiN-3.0-T-C-PE-NA-MB-OM02-M020-01;O-M-02
NiN-3.0-T-C-PE-NA-MB-OM02-M020-02;O-M-02
NiN-3.0-T-C-PE-NA-MB-TA01-M020-01;T-A-01
NiN-3.0-T-C-PE-NA-MB-TA01-M020-02;T-A-01
NiN-3.0-T-C-PE-NA-MB-TA01-M020-03;T-A-01
NiN-3.0-T-C-PE-NA-MB-TA02-M020-01;T-A-02
NiN-3.0-T-C-PE-NA-MB-TA02-M020-02;T-A-02
NiN-3.0-T-C-PE-NA-MB-TA02-M020-03;T-A-02
NiN-3.0-T-C-PE-NA-MB-TA03-M020-01;T-A-03
NiN-3.0-T-C-PE-NA-MB-TA03-M020-02;T-A-03
NiN-3.0-T-C-PE-NA-MB-TA03-M020-03;T-A-03
NiN-3.0-T-C-PE-NA-MB-TA03-M020-04;T-A-03
NiN-3.0-T-C-PE-NA-MB-TA03-M020-05;T-A-03
NiN-3.0-T-C-PE-NA-MB-TA03-M020-06;T-A-03
NiN-3.0-T-C-PE-NA-MB-TA03-M020-07;T-A-03
NiN-3.0-T-C-PE-NA-MB-TA04-M020-01;T-A-04
NiN-3.0-T-C-PE-NA-MB-TA04-M020-02;T-A-04
NiN-3.0-T-C-PE-NA-MB-TA04-M020-03;T-A-04
NiN-3.0-T-C-PE-NA-MB-TB01-M020-01;T-B-01
NiN-3.0-T-C-PE-NA-MB-TB01-M020-02;T-B-01
NiN-3.0-T-C-PE-NA-MB-TB01-M020-03;T-B-01
NiN-3.0-T-C-PE-NA-MB-TB01-M020-04;T-B-01
NiN-3.0-T-C-PE-NA-MB-TB01-M020-05;T-B-01
NiN-3.0-T-C-PE-NA-MB-TB01-M020-06;T-B-01
NiN-3.0-T-C-PE-NA-MB-TC01-M020-01;T-C-01
NiN-3.0-T-C-PE-NA-MB-TC01-M020-02;T-C-01
NiN-3.0-T-C-PE-NA-MB-TC02-M020-01;T-C-02
NiN-3.0-T-C-PE-NA-MB-TC02-M020-02;T-C-02
NiN-3.0-T-C-PE-NA-MB-TC02-M020-03;T-C-02
NiN-3.0-T-C-PE-NA-MB-TC02-M020-04;T-C-02
NiN-3.0-T-C-PE-NA-MB-TC02-M020-05;T-C-02
NiN-3.0-T-C-PE-NA-MB-TC02-M020-06;T-C-02
NiN-3.0-T-C-PE-NA-MB-TC03-M020-01;T-C-03
NiN-3.0-T-C-PE-NA-MB-TC03-M020-02;T-C-03
NiN-3.0-T-C-PE-NA-MB-TC03-M020-03;T-C-03
NiN-3.0-T-C-PE-NA-MB-TC03-M020-04;T-C-03
NiN-3.0-T-C-PE-NA-MB-TC03-M020-05;T-C-03
NiN-3.0-T-C-PE-NA-MB-TC04-M020-01;T-C-04
NiN-3.0-T-C-PE-NA-MB-TC05-M020-01;T-C-05
NiN-3.0-T-C-PE-NA-MB-TC05-M020-02;T-C-05
NiN-3.0-T-C-PE-NA-MB-TC06-M020-01;T-C-06
NiN-3.0-T-C-PE-NA-MB-TC07-M020-01;T-C-07
NiN-3.0-T-C-PE-NA-MB-TC08-M020-01;T-C-08
NiN-3.0-T-C-PE-NA-MB-TC08-M020-02;T-C-08
NiN-3.0-T-C-PE-NA-MB-TC08-M020-03;T-C-08
NiN-3.0-T-C-PE-NA-MB-TC08-M020-04;T-C-08
NiN-3.0-T-C-PE-NA-MB-TC08-M020-05;T-C-08
NiN-3.0-T-C-PE-NA-MB-TD01-M020-01;T-D-01
NiN-3.0-T-C-PE-NA-MB-TD01-M020-02;T-D-01
NiN-3.0-T-C-PE-NA-MB-TD01-M020-03;T-D-01
NiN-3.0-T-C-PE-NA-MB-TD01-M020-04;T-D-01
NiN-3.0-T-C-PE-NA-MB-TD01-M020-05;T-D-01
NiN-3.0-T-C-PE-NA-MB-TD01-M020-06;T-D-01
NiN-3.0-T-C-PE-NA-MB-TD01-M020-07;T-D-01
NiN-3.0-T-C-PE-NA-MB-TD01-M020-08;T-D-01
NiN-3.0-T-C-PE-NA-MB-TD01-M020-09;T-D-01
NiN-3.0-T-C-PE-NA-MB-TD02-M020-01;T-D-02
NiN-3.0-T-C-PE-NA-MB-TD03-M020-01;T-D-03
NiN-3.0-T-C-PE-NA-MB-TD03-M020-02;T-D-03
NiN-3.0-T-C-PE-NA-MB-TD03-M020-03;T-D-03
NiN-3.0-T-C-PE-NA-MB-TD04-M020-01;T-D-04
NiN-3.0-T-C-PE-NA-MB-TD04-M020-02;T-D-04
NiN-3.0-T-C-PE-NA-MB-TD04-M020-03;T-D-04
NiN-3.0-T-C-PE-NA-MB-TD04-M020-04;T-D-04
NiN-3.0-T-C-PE-NA-MB-TD05-M020-01;T-D-05
NiN-3.0-T-C-PE-NA-MB-TD05-M020-02;T-D-05
NiN-3.0-T-C-PE-NA-MB-TD06-M020-01;T-D-06
NiN-3.0-T-C-PE-NA-MB-TD06-M020-02;T-D-06
NiN-3.0-T-C-PE-NA-MB-TD06-M020-03;T-D-06
NiN-3.0-T-C-PE-NA-MB-TD06-M020-04;T-D-06
NiN-3.0-T-C-PE-NA-MB-TE01-M020-01;T-E-01
NiN-3.0-T-C-PE-NA-MB-TE01-M020-02;T-E-01
NiN-3.0-T-C-PE-NA-MB-TE01-M020-03;T-E-01
NiN-3.0-T-C-PE-NA-MB-TE01-M020-04;T-E-01
NiN-3.0-T-C-PE-NA-MB-TE02-M020-01;T-E-02
NiN-3.0-T-C-PE-NA-MB-TE02-M020-02;T-E-02
NiN-3.0-T-C-PE-NA-MB-TE02-M020-03;T-E-02
NiN-3.0-T-C-PE-NA-MB-TE03-M020-01;T-E-03
NiN-3.0-T-C-PE-NA-MB-TE03-M020-02;T-E-03
NiN-3.0-T-C-PE-NA-MB-TE03-M020-03;T-E-03
NiN-3.0-T-C-PE-NA-MB-TE04-M020-01;T-E-04
NiN-3.0-T-C-PE-NA-MB-TE05-M020-02;T-E-05
NiN-3.0-T-C-PE-NA-MB-TE05-M020-03;T-E-05
NiN-3.0-T-C-PE-NA-MB-TE05-M020-01;T-E-05
NiN-3.0-T-C-PE-NA-MB-TE06-M020-01;T-E-06
NiN-3.0-T-C-PE-NA-MB-TE07-M020-01;T-E-07
NiN-3.0-T-C-PE-NA-MB-TE08-M020-01;T-E-08
NiN-3.0-T-C-PE-NA-MB-TE08-M020-02;T-E-08
NiN-3.0-T-C-PE-NA-MB-TE09-M020-01;T-E-09
NiN-3.0-T-C-PE-NA-MB-TE09-M020-02;T-E-09
NiN-3.0-T-C-PE-NA-MB-TE09-M020-03;T-E-09
NiN-3.0-T-C-PE-NA-MB-TF01-M020-01;T-F-01
NiN-3.0-T-C-PE-NA-MB-TF01-M020-02;T-F-01
NiN-3.0-T-C-PE-NA-MB-TF02-M020-01;T-F-02
NiN-3.0-T-C-PE-NA-MB-TF02-M020-02;T-F-02
NiN-3.0-T-C-PE-NA-MB-TG01-M020-01;T-G-01
NiN-3.0-T-C-PE-NA-MB-TG01-M020-04;T-G-01
NiN-3.0-T-C-PE-NA-MB-TG01-M020-02;T-G-01
NiN-3.0-T-C-PE-NA-MB-TG01-M020-03;T-G-01
NiN-3.0-T-C-PE-NA-MB-TG01-M020-05;T-G-01
NiN-3.0-T-C-PE-NA-MB-TG01-M020-06;T-G-01
NiN-3.0-T-C-PE-NA-MB-TG01-M020-07;T-G-01
NiN-3.0-T-C-PE-NA-MB-TG01-M020-08;T-G-01
NiN-3.0-T-C-PE-NA-MB-TG01-M020-09;T-G-01
NiN-3.0-T-C-PE-NA-MB-TG01-M020-10;T-G-01
NiN-3.0-T-C-PE-NA-MB-TG01-M020-11;T-G-01
NiN-3.0-T-C-PE-NA-MB-TG01-M020-12;T-G-01
NiN-3.0-T-C-PE-NA-MB-TG01-M020-13;T-G-01
NiN-3.0-T-C-PE-NA-MB-TG01-M020-14;T-G-01
NiN-3.0-T-C-PE-NA-MB-TG01-M020-15;T-G-01
NiN-3.0-T-C-PE-NA-MB-TG01-M020-16;T-G-01
NiN-3.0-T-C-PE-NA-MB-TG01-M020-17;T-G-01
NiN-3.0-T-C-PE-NA-MB-TG01-M020-18;T-G-01
NiN-3.0-T-C-PE-NA-MB-TG01-M020-19;T-G-01
NiN-3.0-T-C-PE-NA-MB-TH01-M020-01;T-H-01
NiN-3.0-T-C-PE-NA-MB-TH01-M020-02;T-H-01
NiN-3.0-T-C-PE-NA-MB-TH01-M020-03;T-H-01
NiN-3.0-T-C-PE-NA-MB-TH01-M020-04;T-H-01
NiN-3.0-T-C-PE-NA-MB-TH01-M020-05;T-H-01
NiN-3.0-T-C-PE-NA-MB-TH01-M020-06;T-H-01
NiN-3.0-T-C-PE-NA-MB-TI01-M020-01;T-I-01
NiN-3.0-T-C-PE-NA-MB-TI01-M020-02;T-I-01
NiN-3.0-T-C-PE-NA-MB-TI01-M020-03;T-I-01
NiN-3.0-T-C-PE-NA-MB-TI01-M020-04;T-I-01
NiN-3.0-T-C-PE-NA-MB-TK01-M020-01;T-K-01
NiN-3.0-T-C-PE-NA-MB-TK01-M020-02;T-K-01
NiN-3.0-T-C-PE-NA-MB-TK01-M020-03;T-K-01
NiN-3.0-T-C-PE-NA-MB-TK01-M020-04;T-K-01
NiN-3.0-T-C-PE-NA-MB-TK01-M020-05;T-K-01
NiN-3.0-T-C-PE-NA-MB-TK01-M020-06;T-K-01
NiN-3.0-T-C-PE-NA-MB-TK01-M020-07;T-K-01
NiN-3.0-T-C-PE-NA-MB-TK02-M020-01;T-K-02
NiN-3.0-T-C-PE-NA-MB-TK03-M020-01;T-K-03
NiN-3.0-T-C-PE-NA-MB-TK03-M020-02;T-K-03
NiN-3.0-T-C-PE-NA-MB-TK03-M020-03;T-K-03
NiN-3.0-T-C-PE-NA-MB-TL01-M020-01;T-L-01
NiN-3.0-T-C-PE-NA-MB-TL01-M020-02;T-L-01
NiN-3.0-T-C-PE-NA-MB-TL01-M020-03;T-L-01
NiN-3.0-T-C-PE-NA-MB-TM01-M020-01;T-M-01
NiN-3.0-T-C-PE-NA-MB-TM01-M020-02;T-M-01
NiN-3.0-T-C-PE-NA-MB-TM01-M020-03;T-M-01
NiN-3.0-T-C-PE-NA-MB-TM02-M020-01;T-M-02
NiN-3.0-T-C-PE-NA-MB-TM02-M020-02;T-M-02
NiN-3.0-T-C-PE-NA-MB-TM03-M020-01;T-M-03
NiN-3.0-T-C-PE-NA-MB-TM03-M020-02;T-M-03
NiN-3.0-T-C-PE-NA-MB-TM03-M020-03;T-M-03
NiN-3.0-T-C-PE-NA-MB-TM03-M020-04;T-M-03
NiN-3.0-T-C-PE-NA-MB-TM03-M020-05;T-M-03
NiN-3.0-T-C-PE-NA-MB-TM03-M020-06;T-M-03
NiN-3.0-T-C-PE-NA-MB-TM04-M020-01;T-M-04
NiN-3.0-T-C-PE-NA-MB-TM04-M020-02;T-M-04
NiN-3.0-T-C-PE-NA-MB-TM05-M020-01;T-M-05
NiN-3.0-T-C-PE-NA-MB-TM06-M020-01;T-M-06
NiN-3.0-T-C-PE-NA-MB-TM06-M020-02;T-M-06
NiN-3.0-T-C-PE-NA-MB-TN01-M020-01;T-N-01
NiN-3.0-T-C-PE-NA-MB-TN02-M020-01;T-N-02
NiN-3.0-T-C-PE-NA-MB-TN03-M020-01;T-N-03
NiN-3.0-T-C-PE-NA-MB-TO01-M020-01;T-O-01
NiN-3.0-T-C-PE-NA-MB-TO02-M020-01;T-O-02
NiN-3.0-T-C-PE-NA-MB-TO03-M020-01;T-O-03
NiN-3.0-T-C-PE-NA-MB-TO04-M020-01;T-O-04
NiN-3.0-T-C-PE-NA-MB-VA01-M020-01;V-A-01
NiN-3.0-T-C-PE-NA-MB-VA01-M020-02;V-A-01
NiN-3.0-T-C-PE-NA-MB-VA01-M020-03;V-A-01
NiN-3.0-T-C-PE-NA-MB-VA01-M020-04;V-A-01
NiN-3.0-T-C-PE-NA-MB-VB01-M020-01;V-B-01
NiN-3.0-T-C-PE-NA-MB-VB01-M020-02;V-B-01
NiN-3.0-T-C-PE-NA-MB-VB01-M020-03;V-B-01
NiN-3.0-T-C-PE-NA-MB-VC01-M020-01;V-C-01
NiN-3.0-T-C-PE-NA-MB-VC01-M020-02;V-C-01
NiN-3.0-T-C-PE-NA-MB-VC02-M020-01;V-C-02
NiN-3.0-T-C-PE-NA-MB-VC02-M020-02;V-C-02
NiN-3.0-T-C-PE-NA-MB-VC03-M020-01;V-C-03
NiN-3.0-T-C-PE-NA-MB-VC03-M020-02;V-C-03
NiN-3.0-T-C-PE-NA-MB-VC04-M020-01;V-C-04
NiN-3.0-T-C-PE-NA-MB-VC04-M020-02;V-C-04
NiN-3.0-T-C-PE-NA-MB-VC04-M020-03;V-C-04
NiN-3.0-T-C-PE-NA-MB-VC04-M020-04;V-C-04
NiN-3.0-T-C-PE-NA-MB-VC05-M020-01;V-C-05
NiN-3.0-T-C-PE-NA-MB-VE01-M020-01;V-E-01
NiN-3.0-T-C-PE-NA-MB-VE01-M020-02;V-E-01
NiN-3.0-T-C-PE-NA-MB-VF01-M020-01;V-F-01
NiN-3.0-T-C-PE-NA-MB-VF02-M020-01;V-F-02
NiN-3.0-T-C-PE-NA-MB-VF02-M020-02;V-F-02
NiN-3.0-T-C-PE-NA-MB-VF02-M020-03;V-F-02
NiN-3.0-T-C-PE-NA-MB-VG01-M020-01;V-G-01
NiN-3.0-T-C-PE-NA-MB-VG01-M020-02;V-G-01
NiN-3.0-T-C-PE-NA-MB-VG02-M020-01;V-G-02
NiN-3.0-T-C-PE-NA-MB-VG02-M020-02;V-G-02
NiN-3.0-T-C-PE-NA-MB-VI01-M020-01;V-I-01
NiN-3.0-T-C-PE-NA-MB-VI01-M020-02;V-I-01
NiN-3.0-T-C-PE-NA-MB-VI01-M020-03;V-I-01
NiN-3.0-T-C-PE-NA-MB-VI01-M020-04;V-I-01
NiN-3.0-T-C-PE-NA-MB-VK01-M020-01;V-K-01
NiN-3.0-T-C-PE-NA-MB-VK01-M020-02;V-K-01
NiN-3.0-T-C-PE-NA-MB-VK02-M020-01;V-K-02
NiN-3.0-T-C-PE-NA-MB-VK02-M020-02;V-K-02
NiN-3.0-T-C-PE-NA-MB-VM01-M020-01;V-M-01
NiN-3.0-T-C-PE-NA-MB-VM01-M020-02;V-M-01
NiN-3.0-T-C-PE-NA-MB-VM01-M020-03;V-M-01
NiN-3.0-T-C-PE-NA-MB-VM01-M020-04;V-M-01
NiN-3.0-T-C-PE-NA-MB-VM01-M020-05;V-M-01
NiN-3.0-T-C-PE-NA-MB-VM02-M020-01;V-M-02
NiN-3.0-T-C-PE-NA-MB-VM03-M020-01;V-M-03
NiN-3.0-T-C-PE-NA-MB-VM04-M020-01;V-M-04
NiN-3.0-T-C-PE-NA-MB-VM05-M020-01;V-M-05
NiN-3.0-T-C-PE-NA-MB-VM06-M020-01;V-M-06
NiN-3.0-T-C-PE-NA-MB-VO01-M020-01;V-O-01
